,b_factor,hbond_donors,hbond_acceptors,meiler:dim_1,meiler:dim_4,meiler:dim_5,meiler:dim_6,meiler:dim_7,expasy:hphob_eisenberg,expasy:hphob_janin,expasy:hphob_rose,expasy:hphob_guy,expasy:hphob_woods,expasy:buriedresidues,expasy:accessibleresidues,expasy:averageburied,expasy:averageflexibility,expasy:transmembranetendency,expasy:totalbeta_strand,expasy:antiparallelbeta_strand,expasy:parallelbeta_strand,expasy:polarityzimmerman,expasy:polaritygrantham,expasy:bulkiness,expasy:isoelectric_points,expasy:molecularweight,expasy:refractivity,expasy:beta_sheetfasman,expasy:beta_turnfasman,expasy:beta_sheetroux,expasy:beta_turnroux,expasy:coilroux,expasy:hphob_chothia,expasy:ratioside,atom_N,atom_CA,atom_C,atom_O,atom_CB,atom_CG,atom_CD,atom_CD1,atom_CD2,atom_CG1,atom_CG2,atom_CE,atom_CZ,atom_OD1,atom_OD2,atom_OE1,atom_OE2,atom_ND1,atom_ND2,atom_NE,atom_NE1,atom_NE2,atom_NZ,atom_OG,atom_OG1,atom_SD,atom_SG,atom_CE1,atom_CE2,atom_CE3,atom_OTHER,element_C,element_N,element_O,element_S,element_P,element_OTHER,residue_ALA,residue_ARG,residue_ASN,residue_ASP,residue_CYS,residue_GLN,residue_GLU,residue_GLY,residue_HIS,residue_ILE,residue_LEU,residue_LYS,residue_MET,residue_PHE,residue_PRO,residue_SER,residue_THR,residue_TRP,residue_TYR,residue_VAL,residue_OTHER,geom_mean_dist,geom_min_dist,geom_max_dist,geom_std_dist,geom_nearest_dist,geom_3rd_nearest_dist,geom_dist_to_center,geom_radial_position
b_factor,1.0,0.062149165967809415,0.07339942333374588,-0.06840415008972121,-0.11629283025387632,0.009577403002486266,0.03818006648361748,-0.0917082508661334,-0.11321254480941972,-0.11265515000579082,-0.11481830440301104,0.10566678080747416,0.12689834653869164,-0.08850584766909582,0.06531819839169314,-0.05187734514165359,0.08788352751866133,-0.12334345248926479,-0.09524718214466106,-0.09047855724936495,-0.08030278669381635,0.1111063555255119,0.11830077454703924,-0.05825460213939436,0.009759841454654422,0.021762502931486464,-0.01241162664755867,-0.10468446083427309,0.03416664882304336,-0.09007687625736696,0.07342355294001089,-0.0055612338846924335,-0.09982764155864587,0.06851860570426434,-0.0290560256052294,-0.024773183044814417,-0.018909263741069077,-0.01476831639802814,-0.015989652411447293,0.019064629689394718,0.052717050222144644,-0.018682100184823153,-0.015818238517035954,-0.017331722300114503,-0.018611957516189694,0.03658034842991391,0.011255014906044873,0.02443064264715963,0.025267648157656288,0.05612651008317225,0.05349869549755569,0.003289687764637988,0.00970547759704605,0.02340489209319867,-0.008460948413586387,0.019126062889354745,0.04477342302020332,0.011169998777953712,-0.0002752892924220899,0.012218266380025837,0.0001490902007070663,-0.007937342463879794,-0.013915533411225381,-0.009235738478490229,0.02167647814792534,-0.031145054211200764,0.006159496196709985,0.030764706885269156,0.009159343811019184,,,-0.031626003894005696,0.03796294696158018,0.009278429639150213,0.02667977859778232,-0.011518373711766101,0.029123115386611893,0.08166689333498524,-0.015407728213157433,-0.0027361693777347004,-0.03135691912260851,-0.026825843208302568,0.053848126032220014,0.004412134003557838,-0.036334480750367285,-0.0035345496546081443,0.0046295503070975874,-0.01320717799213561,-0.03451196172598487,-0.03205795618448923,-0.03597028387771866,,0.009848758074283865,0.015975448966018987,0.0021657548208551067,-0.0025073878442990662,0.015975448966018987,0.016143344539679066,0.19413351631301762,0.05765184536952541
hbond_donors,0.062149165967809415,1.0,0.16766232171425877,-0.03261611277439696,-0.19862570549579503,0.2553232899006661,0.004646367382573426,-0.08419118142218814,-0.2601661225294368,-0.2388559970117152,-0.17175597313441787,0.20279407445665076,0.15115875790156963,-0.18718970091105203,0.08122535916245902,0.010312233167478299,0.09394397383555644,-0.178503061051164,-0.0811410642065467,-0.029440284461325364,-0.14749467473098482,0.17179688791617717,0.15554416809198116,-0.07722398848593147,0.2595025353668626,0.1243024862287164,0.07475836057587013,-0.05974155745941662,0.08158967704476273,-0.08144990159518956,0.08944661387710415,0.022203947933922816,-0.23667945695992731,0.07463332598868928,-0.09229468817764869,-0.0922939577487229,-0.0922935925332056,-0.09229249688242946,-0.08810672217941061,-0.06796186838097173,-0.043991451335471866,-0.04247565838767885,-0.03965208161820071,-0.030679107898738654,-0.03698642165628878,-0.023878080578939427,-0.03031407685510563,-0.02685926123341175,-0.02044430241267722,-0.027526836997513005,-0.021786902254119396,0.2412432476132423,0.30893100119885186,0.15930143583928527,0.09051990226630287,0.38408862503922303,0.5548614329567103,0.18342926866900458,0.17156752711336726,-0.012392283947192018,-0.0112400862854198,-0.027229267866177877,-0.025942114624366398,-0.010732069305348937,0.402814974450166,-0.31689901971888584,0.4090440506009252,-0.0014415905374423924,-0.016750533688523903,,,-0.05458264098197192,0.2091862806266917,0.06692110395047782,-0.059700986388496045,-0.027750396192440553,0.05416599084259553,-0.0684969225511592,-0.046745048747015044,0.11953756842082022,-0.05850183667131073,-0.07813385835206271,0.1297197714756122,-0.03557300773421969,-0.05782397971547681,-0.0511669128107265,0.03043337831349122,0.018560530115111874,-0.013390731810841978,-0.012515309264526667,-0.06279267470379364,,0.12767164460560876,0.14860558490901973,0.09094286400604294,-0.004695786274698832,0.14860558490901973,0.09681881381459598,0.002344919514899141,0.0053985982411974475
hbond_acceptors,0.07339942333374588,0.16766232171425877,1.0,-0.1365460957161127,-0.18970180379877297,-0.22750073550145705,-0.021625298802443602,-0.16765405129921904,-0.12736627341142634,-0.10072949559547983,-0.1764001434154184,0.1326799261655065,0.1820121855706031,-0.12121408160956369,0.1393626503218555,-0.16148282425197386,0.15184030168553456,-0.19948041084623327,-0.18260168841601898,-0.16347106788156726,-0.17221055799873727,0.1471137449403105,0.2503155917954955,-0.16547751350796522,-0.1819752057582857,-0.017069041686472948,-0.10701045770789033,-0.20607138596621138,0.13965824649244316,-0.16602397842845537,0.1372375962926713,0.08164062284928354,-0.14476917078102164,0.2515115685129648,-0.10032366857644744,-0.10032287460540862,-0.10032247761873901,-0.10032128665415485,-0.0957713793698586,-0.07387406679531351,-0.04781839422309966,-0.04617073808678778,-0.043101530252467636,-0.03334797173950121,-0.040203976863027374,-0.025955303490839406,-0.032951185595413886,0.4481194929139699,0.3410924206192459,0.45925731648595153,0.36349233530433256,0.10528453278049517,-0.018792594794400548,-0.02052985019747485,-0.011665682883686895,0.05230163076969107,-0.02208979889312506,0.36283385195170226,0.33937063143778434,-0.013470324372626108,-0.012217893722103287,-0.029598020199469006,-0.028198893794816635,-0.011665682883686869,0.02498549975761329,-0.34446697696495726,-0.08359211482793823,0.5076901897869074,-0.01820771079492034,,,-0.059330941921192294,-0.07100714313482977,0.055836541828885033,0.197367307652038,-0.030164482977793176,0.04359095476956856,0.1896876042310924,-0.05081153499385163,0.02953188617995346,-0.06359107971662749,-0.08493094743246059,-0.06970518040635462,-0.038667605998365724,-0.06285425403443513,-0.055618069731410195,0.10088713667946951,0.07898927229353056,-0.04430659409371868,-0.02020342499586367,-0.06825519009162279,,0.08777640867721287,0.09857381687426003,0.0635821977030596,0.0038426319459832856,0.09857381687426003,0.07238187785124084,0.012753824523953197,0.01588070444125965
meiler:dim_1,-0.06840415008972121,-0.03261611277439696,-0.1365460957161127,1.0,0.6298892066476162,0.10872944423355743,0.026456345838973955,0.8920188622892457,0.43053193064942424,0.364289433996768,0.6040441493196422,-0.5476170194646793,-0.5374633743474893,0.1283129688299713,-0.5603990467722043,0.6782245401371636,-0.44316598371948385,0.5444689284912071,0.782732594573386,0.7396874143799675,0.6618030241171321,-0.24995875208800036,-0.6167787292114006,0.8704946125482818,0.048357720989079894,0.3729095367225483,0.4772247118115325,0.7499082720599946,-0.5642824208118405,0.7809403847900256,-0.8116673361709219,-0.21792590839271198,0.4548568201896368,-0.5622535518953549,-0.055564922071298296,-0.0555649633583564,-0.05555800347708023,-0.05555233842575977,0.01274271944760657,-0.026891940292782933,-0.06472040436743967,0.1495447782588229,0.08689271614976235,0.21628046127366923,0.21673456801722524,-0.03262977955667421,0.05221554340429811,-0.0865522058085892,-0.06588042219992293,-0.09363056048079851,-0.07410658439898495,0.04046940483297458,-0.05571140728094445,0.001679949852392714,0.042735756907491186,-0.018620287030630255,-0.03911424496735928,-0.09830142544320203,0.06461532851653533,0.0016568061089467082,-0.027669848163794836,0.07704211614704226,0.07737299994946036,0.042735756907491124,0.05987252916930304,0.15665944310995053,-0.060790479938161696,-0.13108661129144655,-0.01738822434565767,,,-0.25404856917897334,0.005810487581777673,-0.16126996007610092,-0.19238250881022456,-0.06831346571831515,-0.17563061702757238,-0.23298736612034457,-0.4853155796877712,0.13019485563045594,0.4895086581282379,0.09435903034008514,-0.12342645196091064,0.004755989838419945,0.16039527076345472,0.08010931354633685,-0.24718040779396963,0.17556748866347793,0.16231161548509368,0.1607990412593463,0.37929845025614883,,0.010668505485597871,-0.03169479489558072,0.0482356965732275,0.05783013917536501,-0.03169479489558072,-0.014034842666881207,-0.001380523050533413,-0.0053141823723647135
meiler:dim_4,-0.11629283025387632,-0.19862570549579503,-0.18970180379877297,0.6298892066476162,1.0,-0.2107127931051518,-0.0005283373545652109,0.7438886678025958,0.9042762041974511,0.8538889333089392,0.9216868155686678,-0.9006618961986655,-0.9238608080915983,0.5543143971869788,-0.6674258706532299,0.5993118167926926,-0.7123155913292631,0.938371527404477,0.7593483427968277,0.7019411583223228,0.6705365862189352,-0.7387980244791809,-0.9514793854870055,0.702348550785377,-0.26121890808557163,0.04048536144583381,0.30770788583146386,0.7583870113975041,-0.5107487135295627,0.7235459714571387,-0.6904663442259308,-0.21597663916779872,0.8261746336775918,-0.5794006250656999,-0.006535465157145219,-0.006537321848159107,-0.006545655010236393,-0.006540574891111721,0.004060778306051555,-0.044042025779010736,-0.15327889096767097,0.2154333781619075,0.16640846550794994,0.13211708327771768,0.10397577215045635,-0.07554244937228674,0.006307546735456228,-0.1185342374456617,-0.09605463029445051,-0.0977566124740942,-0.09098481365063636,-0.014619805086830006,-0.06942132865180745,-0.1069462953929215,0.0797769989424632,-0.04152504168328871,-0.1134398054498349,-0.0384020236869232,-0.011404560763445107,0.04134059859189483,0.05149442967606959,0.07428815363726944,0.11886148042196638,0.07977699894246293,-0.023699934198129477,0.17154704203777194,-0.11294522823580845,-0.11376352870210064,0.06529743793112038,,,-0.019639214181199106,-0.36989801833231495,-0.20095659841528635,-0.2804965442207925,0.1271334390971916,-0.12851333275650578,-0.2860516681659753,-0.07503195385385676,-0.047033639868957464,0.32911877976077514,0.4081766146259103,-0.3579635171148695,0.11867137968380308,0.3229824167507895,0.06586385995265046,-0.09656246419877368,-0.03098754024032734,0.3029953021525511,0.13051016835741522,0.2069535695083031,,-0.019613572184830234,-0.06930163774128738,0.031217217478628507,0.060440241858258116,-0.06930163774128738,-0.045514838800175254,-0.017179352414677794,-0.022445979120181224
meiler:dim_5,0.009577403002486266,0.2553232899006661,-0.22750073550145705,0.10872944423355743,-0.2107127931051518,1.0,0.010163802759384392,0.04056338292180619,-0.43365995225256665,-0.4413641906559703,-0.18798221787986566,0.32145252986894546,0.1613672884226927,-0.21009235172068405,0.07915407379048031,0.17699516594112846,0.06813764260763933,-0.15443609016226134,0.025288502307828982,0.07627153395326222,-0.06141967795539977,0.21136753681818918,-0.006337549532594701,0.06099989676232539,0.9079614245448356,0.21254292396956884,0.25513833590425655,0.10584374952375533,-8.290902274814246e-05,0.023046838780826966,0.04873170105945568,-0.040637902438382945,-0.3166813113186604,-0.2143073787320645,-0.0162809750605305,-0.016282038567626993,-0.016286128849450365,-0.016290235306116393,-0.014651748430292813,0.005864467088215439,0.0853398070560853,-0.02813996248605684,-0.011389205604862363,-0.013005095225307028,-0.02595060970815663,0.13091665558466586,0.0909601508219134,-0.1013290194450506,-0.14141074061002165,-0.1272357847802377,-0.1442645018462913,0.04157991991039706,0.01058590114644178,0.1796580848159717,-0.0065564729796212815,0.010359860219722426,0.16116484742397025,-0.024293786901772557,-0.02701275702852353,-0.01358190504173411,0.0028524224452607257,-0.003555758673126851,-0.028286715844840223,-0.00655647297962127,0.17229307510062217,0.017455672512141595,0.14255619474330503,-0.15747497662622567,-0.008150934404902723,,,-0.013776155038906402,0.6213882332870914,0.03064341646670563,-0.4129444248051252,0.007042281611918273,-0.06312496780088939,-0.45356032237118366,-0.015741456093432266,0.13376751380957796,-0.023402031941442157,-0.03125527595204023,0.5085616586734989,-0.03898790692288157,-0.06825296164953307,0.06154507663854099,-0.06108709132309859,-0.07339685523940331,-0.024901670128607868,-0.06964739619170532,-0.027767073924015798,,0.015277574301931763,0.021562770461688106,0.0062892425009025395,-0.0036880230927859507,0.021562770461688106,0.017996188927968178,-0.0038440918810495207,-0.002118281428693415
meiler:dim_6,0.03818006648361748,0.004646367382573426,-0.021625298802443602,0.026456345838973955,-0.0005283373545652109,0.010163802759384392,1.0,-0.151380855244779,-0.07608406502812864,-0.09642451071843987,0.07000018695947809,-0.018040675135266866,0.13720400497754703,-0.005725383175133358,-0.16042328788650517,0.3539959680637142,-0.2660119801967011,0.018683931522963007,0.1542389862494595,0.14986332611769257,0.1258411923294214,0.29032678067206746,-0.011355486785537591,0.2795269152315048,-0.046002212167523225,0.313578613908082,0.26509505709915704,0.0008072717126262228,-0.7044282327207398,0.0673343066868084,-0.4152571431877817,-0.8321931652819556,0.04717266811356252,-0.36594185708098165,-0.03595500214499711,-0.03595948811933724,-0.03596375817668394,-0.03595255554681918,0.017588745002590094,0.05070589392831093,0.053257197366256226,0.06759731213481429,0.06420817042264683,-0.020217535607023995,-0.06500689150591848,0.04655149337661687,0.01846692003861573,-0.08310409602187996,-0.0465290259464958,0.13160150098230455,0.13182116591016899,-0.017501104585651982,-0.07321791885709164,0.05877128417650944,0.0123699221489355,0.022991346954474523,0.023423325948253356,-0.1027528009711248,-0.08614534457888384,0.05070094897003044,-0.06962315996685535,-0.02926273032142553,-0.01632970725062328,0.012369922148935501,0.055370997832164336,0.03727590833889469,0.00015034796857135124,-0.0443757978925074,-0.009251983493606059,,,0.33025105124061954,0.203273815814419,-0.21194673456002075,-0.13587300210249068,-0.1718910535193947,0.1353839032483022,0.4144391013754992,-0.3811278013147986,-0.05630312069838012,0.010123213920339188,0.35794042463110454,0.07391317453089978,0.14554098804780832,0.010005916902643176,-0.41718071758057906,-0.25837345828406405,-0.23406708833639533,0.0469813147749942,-0.13193242316208034,-0.08139930871097299,,0.025580109022281076,0.017678126839871217,0.029290725956335136,0.015768952107823267,0.017678126839871217,0.013681590609493258,0.017332292832176372,0.01305484255186542
meiler:dim_7,-0.0917082508661334,-0.08419118142218814,-0.16765405129921904,0.8920188622892457,0.7438886678025958,0.04056338292180619,-0.151380855244779,1.0,0.5953348169161798,0.5122753762616455,0.6872994318565898,-0.6561077713555439,-0.6995497716193234,0.2824800436985215,-0.5082166655788519,0.58837543274999,-0.5036959078453641,0.6779731389957029,0.8591396632956415,0.8125329148313595,0.7271726111993255,-0.5005179132604347,-0.7579517090010955,0.7900680314289827,-0.04671211050382328,0.2162727956198359,0.4222156836781817,0.8404844470011831,-0.4795332266218264,0.8616495196529496,-0.7583551614121483,-0.17800597607913993,0.5720696114708589,-0.5004995237068983,-0.03225311077632594,-0.03224725393629303,-0.03224213370686766,-0.032247521914279015,0.015948364042112737,-0.07180677031519671,-0.09497830645665246,0.13129711857470985,0.07090241435283977,0.23120631233091485,0.22000133610207392,-0.0272830100872449,0.040898081761762344,-0.12340310062861513,-0.10176733491699663,-0.10567378228456471,-0.09845080234069332,-0.005238256610297521,-0.07018878272008798,-0.05067134929181559,0.05494537572981068,-0.03812519277305846,-0.03586691850375679,-0.028401242656837283,0.04812437853124128,0.006567347207070436,0.052387338627651006,0.07812007771235818,0.10758841719931278,0.05494537572981057,0.030269884846147573,0.1583963076015269,-0.08450909165557988,-0.12053807910694016,0.040116139690923557,,,-0.19654388326082406,-0.17525835392806483,-0.20317817731612342,-0.29717865418119166,0.12933792192240084,-0.13852951114079387,-0.3095243602956648,-0.33996158764227713,-0.016852090262944847,0.380067263878179,0.005545682473378646,-0.11317939276045692,0.018852077146227948,0.18988379872365138,0.07408517253765763,-0.07141535038907282,0.13075962741655978,0.20868409368401541,0.27018209533845255,0.5232253736915781,,-0.0025236694030345195,-0.04534646258175237,0.03837354887000542,0.055095099613431946,-0.04534646258175237,-0.026679249397728765,-0.012245033664510987,-0.016694584694673668
expasy:hphob_eisenberg,-0.11321254480941972,-0.2601661225294368,-0.12736627341142634,0.43053193064942424,0.9042762041974511,-0.43365995225256665,-0.07608406502812864,0.5953348169161798,1.0,0.9300205712566824,0.8428302806925768,-0.9010656682153828,-0.8647866247927383,0.7315888448676239,-0.45220843956018747,0.2738736742204888,-0.6347978961008162,0.9019718147395275,0.6275109464956955,0.5090266191138687,0.6751384305649397,-0.7870804140194392,-0.8290675385502904,0.48462046106294193,-0.4375077600233852,-0.2924614118853845,-0.05316272470239207,0.6141798895534505,-0.4403185955665353,0.6178003342692399,-0.5357176021561766,-0.15656484201429738,0.9047312408573576,-0.5164155964461503,0.02749532784132417,0.027490530101651072,0.02748377431306202,0.02748972196924078,0.014383875218127617,-0.07283662104395018,-0.17735421745285185,0.17564475445956346,0.12376517163785457,0.1496569099132293,0.1252291752516702,-0.07957091332903975,-0.05642432143176149,-0.08228020128936173,-0.06657841132968517,-0.07698699142069906,-0.05751221235061914,-0.017942723865466005,-0.0483037575944459,-0.18018743857652483,0.03579823018873705,-0.05108274294621351,-0.11318567011192177,-0.010458545069272884,0.00041195951694369503,0.03321461517142539,0.014960372463664539,0.054089852934673326,0.08106913893651656,0.035798230188737006,-0.14664058392723384,0.1377887952881535,-0.1320378787819443,-0.04839712833541535,0.034691968211743356,,,0.14208757037114628,-0.6232191233268471,-0.1398267507316534,-0.19442076077372908,0.03693532705275241,-0.15819847828534128,-0.18081549681445191,0.09645612851533124,-0.0577238620860088,0.32369264664503355,0.33592906118669597,-0.35716158362228945,0.09534511696288174,0.27758786473484415,0.03456929673967693,-0.026298168348006634,0.0011193427237983227,0.13596269245957854,0.07045218406740868,0.2748125633881351,,-0.033654074627110064,-0.06437442439046114,0.00544278512884068,0.036040490853627774,-0.06437442439046114,-0.047307395670550506,-0.02252332077017134,-0.02738783536054067
expasy:hphob_janin,-0.11265515000579082,-0.2388559970117152,-0.10072949559547983,0.364289433996768,0.8538889333089392,-0.4413641906559703,-0.09642451071843987,0.5122753762616455,0.9300205712566824,1.0,0.8958933040028512,-0.8814510008097834,-0.8204374474545015,0.760625025878022,-0.5678398483437849,0.2397103756587165,-0.6000427889673728,0.8838925728445874,0.5914900424050333,0.4732624040033952,0.6484333160775715,-0.7567279222930039,-0.7761878641268567,0.35285586332925417,-0.4162766428564137,-0.34705819154840795,-0.10307735606735625,0.5790016432850892,-0.39463363128557694,0.6026291513551609,-0.5267466617820415,-0.14752472116488,0.9190442073921742,-0.3279047412261867,0.035943304878034814,0.03594387576722604,0.03593923650612596,0.03594465277468481,0.01761709034189019,-0.08794452921600587,-0.20153401579255195,0.14543045201193117,0.10435312489559745,0.1483692881697036,0.1239729862641645,-0.13716850973726358,-0.05312853639671653,-0.055014370755294965,-0.046766536580688876,-0.07873887993514457,-0.0623201380129758,0.007791833858513734,-0.0296426736078565,-0.1297706321864766,0.030788923743080756,-0.032210662177266945,-0.186203444104359,0.012551452428320868,8.574126306679485e-05,0.0426517891144813,0.07088512999531037,0.03545959924820127,0.04594022346571532,0.030788923743080888,-0.11586353057227237,0.0918113469007182,-0.09834575896017114,-0.032204124904085696,0.07931591580456854,,,0.15659056264688626,-0.4488411637555999,-0.08580779094630975,-0.1365665752483306,0.17500670293554768,-0.1476970552782957,-0.1959313727606905,0.13410552059341815,0.025067249901313125,0.30190430554807546,0.3136866072864861,-0.5875718799603992,0.12243525330062292,0.2321478600867268,-0.029099445062755285,0.03156081527456163,0.0002329691510833816,0.1169372046598907,-0.06618076468402367,0.2880717304952122,,-0.03747379466388046,-0.056152675086989984,-0.007630284832800041,0.020749659856792488,-0.056152675086989984,-0.043749244426880454,-0.036339343446715286,-0.04230412684043828
expasy:hphob_rose,-0.11481830440301104,-0.17175597313441787,-0.1764001434154184,0.6040441493196422,0.9216868155686678,-0.18798221787986566,0.07000018695947809,0.6872994318565898,0.8428302806925768,0.8958933040028512,1.0,-0.9277463247363017,-0.8590604734385354,0.6167063492321496,-0.7516194907883326,0.6125981751427751,-0.737644697260642,0.9313787582162302,0.8055179920129267,0.7214136031080605,0.7522401144947911,-0.6262637770621926,-0.8944929531540687,0.5943651521810634,-0.21455644810470262,0.01618461806337372,0.27785521853056516,0.7847823915931755,-0.5933850771032233,0.7953751298310936,-0.7497213350625294,-0.3552429714548952,0.8806202658503967,-0.5118316832166311,-0.0008639112265913839,-0.0008573650919462885,-0.0008637764334889827,-0.0008592077603443471,0.000523849260541421,-0.06745105293021382,-0.19332379335312433,0.19121980107485,0.15465911101566973,0.16113596431343577,0.12402492250908292,-0.10140916193857467,0.02848155334536483,-0.09961391952312694,-0.07895168930378688,-0.10630298057008163,-0.08413653363845765,0.02703244851460874,-0.06042866759700735,-0.0590927663045102,0.049022590676358835,-0.03307088809354584,-0.15296040830473343,-0.0521017814965751,-0.01891196479302236,0.05660621881985576,0.07606054476592433,0.08636773751876457,0.09682644274307582,0.049022590676358675,-0.008532843751044523,0.1379099809259077,-0.08081332727366895,-0.10828103397027755,0.09314428653307269,,,0.029271914261192685,-0.20438573466714777,-0.17492519551117444,-0.23055292537400626,0.18778416804548267,-0.1994013276597254,-0.26452102098486563,-0.009195990794303506,0.08696657996881502,0.33155210979526917,0.35690453042907133,-0.4826722464743732,0.16249252102877013,0.32771043718063647,-0.16009009151710615,-0.131010710567533,-0.05138604477656265,0.18618918825208147,0.0735806746282111,0.30984207273880754,,-0.018306195904886833,-0.06097781848705438,0.02636263180559331,0.052090448513355994,-0.06097781848705438,-0.04089522516905546,-0.028826234877192224,-0.03473769386670832
expasy:hphob_guy,0.10566678080747416,0.20279407445665076,0.1326799261655065,-0.5476170194646793,-0.9006618961986655,0.32145252986894546,-0.018040675135266866,-0.6561077713555439,-0.9010656682153828,-0.8814510008097834,-0.9277463247363017,1.0,0.8477391676442323,-0.584135844318845,0.6154834602292861,-0.5183089230982654,0.7990053845456665,-0.89125562978727,-0.7008357171696522,-0.602376204811606,-0.6951122778871424,0.6436388750508104,0.8341475974122975,-0.5919479307149785,0.30828290190715363,0.04671592037392049,-0.20011544895040756,-0.7098917472551802,0.5559414120451223,-0.7270813719527341,0.6579067865475385,0.33022495774154004,-0.8862702914323272,0.48346144723515105,0.0007552248194381541,0.0007472560216215964,0.0007516499860551583,0.0007484843825305404,-0.007764830047126638,0.046144894502755954,0.19223649425996517,-0.18249284518945816,-0.1591980914652496,-0.14076316206768202,-0.1147453596735002,0.052821127802306876,0.0012952604169881308,0.0660741448661899,0.05997838425169902,0.09058645745723994,0.06803634201041552,-0.025735923490008895,0.031108525054312445,0.13610942963370048,-0.02086410572300508,0.030186670896148345,0.10726185739457259,0.04242089726494947,0.005065863402162882,-0.07469894552517739,-0.060528350336061694,-0.10639539141502115,-0.10674789780452586,-0.02086410572300496,0.1171164373980495,-0.1437784802653617,0.11556514356871997,0.0825229678665254,-0.09610857933246343,,,0.019785318457183374,0.47076533238361934,0.09005104768285514,0.17514751198330525,-0.14943708260310926,0.18467350911053546,0.21390283001203853,0.0575980961159325,-0.08279550581797092,-0.2508837184391961,-0.349847404494247,0.3384687726938497,-0.21442908976493463,-0.4644382052356129,0.14043693247334219,0.10666798205275646,0.013764549927225608,-0.07924246463876182,-0.046938479199869675,-0.30252589221411086,,0.017881044642039802,0.05963646496823041,-0.024698408423655532,-0.0492460473799708,0.05963646496823041,0.040463524383473747,0.025390900499527327,0.031362554888116956
expasy:hphob_woods,0.12689834653869164,0.15115875790156963,0.1820121855706031,-0.5374633743474893,-0.9238608080915983,0.1613672884226927,0.13720400497754703,-0.6995497716193234,-0.8647866247927383,-0.8204374474545015,-0.8590604734385354,0.8477391676442323,1.0,-0.5316425809136633,0.5868965329850934,-0.5199908846899333,0.7239821292123175,-0.9331183509050195,-0.7375401520315931,-0.7385050720367236,-0.5572884449115534,0.8523704657427303,0.9010288089627951,-0.5549972015001349,0.13432130241231288,-0.009353378529253092,-0.2388565540574758,-0.792191744202608,0.3540102598249582,-0.6786437658402622,0.579667469684004,0.08254121074096384,-0.7071859138397881,0.5255572698090271,-0.0004801733803130507,-0.00047583128481658505,-0.0004666545329396975,-0.0004693730654901198,-0.0004002399285603495,0.05979016134497524,0.18170356169300736,-0.18381070989001239,-0.16245435099539235,-0.10342283591790512,-0.09594074435248703,0.08961549901496296,-0.01851370862314581,0.10062602512291449,0.12575802215489643,0.11062412759161744,0.13401668988523768,-0.014133715083386964,0.00678984347302363,0.1161776224478929,-0.07524329303044228,-0.003817748812529652,0.12500531134274284,0.013013585061411294,-0.01711159638346342,-0.033362306529170015,-0.023325428172482076,-0.10866957664815764,-0.13792368560973153,-0.07524329303044212,0.019070395954561316,-0.1480822480510757,0.08877030303403805,0.10379363179580729,-0.04042959057198739,,,-0.05714222559037085,0.40182665664245154,0.019654821862523108,0.3672357127850685,-0.05758762492635357,0.02027863069081147,0.421341718091058,-0.0008688709357694098,-0.04546983091049089,-0.217655494802978,-0.290696233966665,0.39445890028502306,-0.09576907640681222,-0.2983786180537141,-0.00095106208263668,0.03272285470773378,-0.04649423090527152,-0.2857761586538835,-0.2752855494432401,-0.19487746321393756,,0.024570090074758435,0.06926964257459073,-0.021839309970603318,-0.0499950863965084,0.06926964257459073,0.05055913658490021,0.02951491601447048,0.03449121589681784
expasy:buriedresidues,-0.08850584766909582,-0.18718970091105203,-0.12121408160956369,0.1283129688299713,0.5543143971869788,-0.21009235172068405,-0.005725383175133358,0.2824800436985215,0.7315888448676239,0.760625025878022,0.6167063492321496,-0.584135844318845,-0.5316425809136633,1.0,-0.07017843695180843,-0.08016474842869581,-0.30222868710358713,0.705077760754687,0.46942979355795456,0.2926543267403059,0.660190170099129,-0.6198175457010963,-0.5948967159506362,0.18782482533380349,-0.21637653938510903,-0.6469717859761955,-0.4543247239674762,0.46122924354469824,-0.3709488594514073,0.5105238625846308,-0.33408417404647656,-0.22501587034009451,0.7947778675466899,-0.37870820098131325,0.0663014851025086,0.06629917938697909,0.06629216321554739,0.06629782189879574,0.026163646094328676,-0.10932366388550392,-0.1674639237995512,0.10481133308835489,0.06413768192879554,0.1680397161048041,0.13538709403890983,-0.10303380349859503,-0.08141880698175806,-0.06357205946379782,-0.04838876234831026,-0.09631536480630437,-0.07467560556874815,-0.043670369900283675,-0.040919683829994384,-0.0884108691534819,-0.032645251828718594,-0.07453457925161139,-0.09512871749093435,0.05547498843381163,-0.008916222475574938,-0.041280182569340844,-0.013597633637070887,-0.05055453847895191,-0.04371111353225201,-0.03264525182871863,-0.14055928040748725,0.05786480241226027,-0.05275844999800914,-0.013300865391731951,-0.03975518284788086,,,0.3076556861982617,-0.3057890427972111,-0.11845178751833309,-0.14130376199683747,-0.03357089181759873,-0.18693698697919767,-0.2347763399974402,0.2905237049017059,-0.14049273835288797,0.183077539165788,0.4780731299864926,-0.3001821993316018,-0.11849795082703436,-0.014194812226580318,-0.13097248779489198,0.139492689974854,-0.02422643085379949,-0.12398759132093203,-0.1539750369742778,0.4568641655429154,,-0.04641703691519342,-0.03312510220631442,-0.03792750388064022,-0.013284805479153247,-0.03312510220631442,-0.03230140532245304,-0.03297719363796643,-0.0385020684918879
expasy:accessibleresidues,0.06531819839169314,0.08122535916245902,0.1393626503218555,-0.5603990467722043,-0.6674258706532299,0.07915407379048031,-0.16042328788650517,-0.5082166655788519,-0.45220843956018747,-0.5678398483437849,-0.7516194907883326,0.6154834602292861,0.5868965329850934,-0.07017843695180843,1.0,-0.7104984882649921,0.5629868947775434,-0.5732165008497292,-0.5475810920261519,-0.5432393344734594,-0.4194132676213338,0.29382573017339747,0.5953414835824807,-0.5145425159545673,0.09726058806096192,-0.3878753562719036,-0.5416984843160865,-0.5180133125229646,0.47501312655423705,-0.4939837538892611,0.615311214301115,0.2670429443374457,-0.501533634362624,0.35054040022723465,0.03653843878727602,0.03653088507399451,0.0365346491336347,0.03652779765371551,0.022337539715118617,-0.004806206130586595,0.06431113896055499,-0.12505934974962826,-0.10945758051372324,-0.09080641993397151,-0.043960889585337955,0.10008192939104467,-0.07636044963913234,0.08886997553393422,0.08285033080886542,0.004425147522109989,0.010686954755663848,-0.07031968824950598,0.0392711772471292,-0.03110016002782253,-0.07692434847529273,-0.049546275708146674,0.17645636113752697,0.15397536514064486,0.057073094725990654,-0.09765246547054303,-0.09057487648703225,-0.09826041101603605,-0.0982255410670378,-0.0769243484752927,-0.10519067956557429,-0.10380427323037938,0.028637194455209087,0.12373340999084385,-0.1333427878909173,,,0.11426372559782245,-0.10756695705862157,0.11367979191134392,0.24193764952502872,-0.2236182751423099,-0.020652201476692316,0.03359924709204874,0.10618165393194176,-0.2262267433239643,-0.2734569694872458,-0.08691320768706093,0.5568145978354583,-0.2803189407418562,-0.3114818651546022,-0.056916177104508865,0.3871733637034492,0.15507434754790814,-0.2921608548595427,-0.033510350572422284,-0.10339809176201295,,-0.007195613300959347,0.04169840767402168,-0.04675262346052929,-0.05989865149700576,0.04169840767402168,0.019395136901263196,0.012326505571757277,0.01579576787093512
expasy:averageburied,-0.05187734514165359,0.010312233167478299,-0.16148282425197386,0.6782245401371636,0.5993118167926926,0.17699516594112846,0.3539959680637142,0.58837543274999,0.2738736742204888,0.2397103756587165,0.6125981751427751,-0.5183089230982654,-0.5199908846899333,-0.08016474842869581,-0.7104984882649921,1.0,-0.6110375713087043,0.5123106516894053,0.6774869766268625,0.7376656512887944,0.40759059926775193,-0.10837828434143464,-0.5972506371084556,0.7477509531604855,0.12614593146437383,0.7748245464899307,0.8737557872058405,0.652815259315368,-0.5546960639433078,0.6101122835496213,-0.6992000835301736,-0.4709546743151071,0.27870639885376264,-0.526720530576215,-0.08075539047619083,-0.08074597459077691,-0.08075249130851445,-0.08074839043679616,-0.03125784830197339,0.04068666313308001,-0.0618008738442543,0.18785781518634329,0.18390781953320884,0.05111903383880311,0.009724280586948828,-0.005297336381819355,0.14459232215660173,-0.09670150058899295,-0.07872839128521573,-0.05176135772540164,-0.04563281389445683,0.03343303113303496,-0.056203044909107325,0.059957922891107185,0.10712611689675375,0.001408055469691783,-0.03901733133763428,-0.11269048231992722,-0.05902541346668597,0.05380559092104815,-0.0009804938604170293,0.13539672059639982,0.16912630391244438,0.10712611689675372,0.19324318463235965,0.1553423525709221,-0.03581593121835469,-0.16356894686961104,0.039233587144095916,,,-0.2768809284238108,0.207378074941816,-0.16269312248637532,-0.22990085558469278,-0.0024207192364812413,-0.07829448734204085,-0.143467266831353,-0.3579805347020666,0.10755801029492092,0.15891479256924282,0.26423799177924495,-0.12312063740476265,0.15445310244140167,0.38479508879704655,-0.22438831983792284,-0.2833619069993142,-0.16037902843778135,0.40686802697317864,0.2820508100171378,0.05411847584732357,,0.029304455049787435,-0.044008777675854815,0.08309073779171754,0.09056239834700712,-0.044008777675854815,-0.018190262825658342,0.009768278798923318,0.007219932448823909
expasy:averageflexibility,0.08788352751866133,0.09394397383555644,0.15184030168553456,-0.44316598371948385,-0.7123155913292631,0.06813764260763933,-0.2660119801967011,-0.5036959078453641,-0.6347978961008162,-0.6000427889673728,-0.737644697260642,0.7990053845456665,0.7239821292123175,-0.30222868710358713,0.5629868947775434,-0.6110375713087043,1.0,-0.6868878958746258,-0.5541386251463806,-0.572253868809012,-0.3866124499754263,0.41490519087999694,0.666815616013468,-0.5452235564760302,0.07351778899562879,-0.19505612250673668,-0.402598982047685,-0.5575599125679574,0.5630498405747701,-0.5087766325033511,0.6152910621231579,0.432752966463381,-0.5643787914849248,0.5275354578579733,0.021383937352329005,0.021374928356207773,0.02137776229243653,0.02137803072773091,-0.016935635622578993,0.008254719694972773,0.15349839911020374,-0.12666013005403,-0.17934645924539006,-0.029404712299097278,-0.022915979027855856,-0.018138060547602804,-0.015615210450393163,0.07808635332361841,0.08343722164669089,0.09113518191684548,0.07666758184281737,-0.0891177818093699,0.02195808418077913,0.09831801767433425,-0.07687633520689474,-0.01783672266693255,0.03723610199518522,0.08875555918613656,0.002962596730196277,-0.0957360482928595,-0.05523770780415906,-0.13052974681673937,-0.12217089944485185,-0.07687633520689446,0.026577971391779216,-0.1338698714434724,0.06584169415657062,0.12039994044471211,-0.10814658187859931,,,-0.2375505505851309,0.34005516292528154,0.06356291345009865,0.24365147478613644,-0.1363751342652951,0.15267017016154882,0.24103901300054859,0.269619060991535,-0.28670243075388036,0.07430258018335781,-0.296119909171481,0.1174999020933574,-0.2748177172890885,-0.4142067593048838,0.208822240983773,0.22317718400011852,0.008049725657745114,-0.2919784991059199,-0.05674047297539947,-0.16737154252657932,,0.0008374051337222377,0.04694835820694419,-0.03763902562325743,-0.05042148841368435,0.04694835820694419,0.03153576806957622,0.01721105518345449,0.02227716109420674
expasy:transmembranetendency,-0.12334345248926479,-0.178503061051164,-0.19948041084623327,0.5444689284912071,0.938371527404477,-0.15443609016226134,0.018683931522963007,0.6779731389957029,0.9019718147395275,0.8838925728445874,0.9313787582162302,-0.89125562978727,-0.9331183509050195,0.705077760754687,-0.5732165008497292,0.5123106516894053,-0.6868878958746258,1.0,0.7988257627580505,0.7223344592100959,0.7364434279840928,-0.8150730989482026,-0.9515512793601706,0.5797113759330333,-0.15659515861187157,-0.09812267729233398,0.1433374328212779,0.8093796964619621,-0.5376393424894889,0.7788258114539096,-0.6881044374322902,-0.27958393258487835,0.8628290745287566,-0.610138823887441,0.011023842915329901,0.011018580591051368,0.01100951507805618,0.01101592614362374,0.006477436232186315,-0.07945445755458691,-0.1916311459771385,0.20079624570379073,0.1488591328334616,0.14638481234979947,0.1271712450388667,-0.08403866216228924,0.018576450763937893,-0.12009493154951198,-0.12196138770395908,-0.11869388454967573,-0.1124895769151889,-0.026961628611945305,-0.04127496262223425,-0.08400006562070148,0.04768880221820542,-0.054184470136045264,-0.1296046045632567,-0.0005147466864809956,0.008781860165983845,0.05157254156222785,0.005340177533333255,0.06572030002483635,0.10295977652419323,0.047688802218205546,-0.028970167140029472,0.14817191585358372,-0.09001303923519006,-0.10295389397067926,0.041830559662116705,,,0.10642124923834233,-0.2905332783966433,-0.11948022674536132,-0.3561488673108299,0.013184244188604357,-0.14790628672303327,-0.3536615599547257,0.033359303800481487,-0.08673874397663847,0.3157782527929049,0.3963312001517669,-0.40897214077345834,0.14804296186920365,0.3133732953741467,-0.10218369676418508,-0.0012943382590975007,0.023861352569631848,0.18112342190033645,0.12685298223607167,0.26949235149272416,,-0.028016805576290868,-0.06587792743210283,0.01607967541637129,0.04544476800153459,-0.06587792743210283,-0.04816560758685449,-0.03118397950753021,-0.037514897545649434
expasy:totalbeta_strand,-0.09524718214466106,-0.0811410642065467,-0.18260168841601898,0.782732594573386,0.7593483427968277,0.025288502307828982,0.1542389862494595,0.8591396632956415,0.6275109464956955,0.5914900424050333,0.8055179920129267,-0.7008357171696522,-0.7375401520315931,0.46942979355795456,-0.5475810920261519,0.6774869766268625,-0.5541386251463806,0.7988257627580505,1.0,0.9486917670076771,0.8453069760653676,-0.51410937753757,-0.8071204006159198,0.7352608358485987,-0.03548467700339723,0.2144678467602879,0.4082204453268243,0.9507698343787486,-0.6802910058125696,0.9659426014549888,-0.8781792102983801,-0.4731158840965884,0.6664009135214563,-0.5975800451432599,-0.025138891944755017,-0.025136121422027653,-0.025138031607267474,-0.025136982944124753,0.002653518178765304,-0.0879720485056599,-0.14587774402198267,0.17650106727749917,0.10435764371001606,0.23365307986052,0.20440473326653852,-0.048160402741875226,0.050485300391557714,-0.13434378630229588,-0.11235808962235087,-0.08183560080442646,-0.09181447004326845,-0.014303565714655924,-0.07456214123434178,-0.020010119027701945,0.053169127780975385,-0.020213956369032803,-0.06760980285608355,-0.04662461226609875,0.01655046072525537,0.01863482266125727,0.013577878989750125,0.06283394552851704,0.09557860357416674,0.05316912778097564,0.06192605088041201,0.1462080442817811,-0.06443447248205046,-0.12185507141193135,0.0229518595639152,,,-0.06320997369678819,-0.06920953500769994,-0.21583790693731406,-0.3281055349201428,0.033522120013197806,-0.04452454068692789,-0.288660066046833,-0.1969932130687603,-0.046016260454193304,0.44555188374010574,0.20222460117407814,-0.2133452426671384,0.05349269702659857,0.12115599691076312,-0.3215582739211599,-0.11723828643592972,0.04496955896483552,0.2019378536513234,0.2814794449549458,0.4782310452327221,,-0.005094602849849129,-0.044470159384473865,0.03603392648448141,0.0523484895463748,-0.044470159384473865,-0.030435177351900308,-0.022080569635010892,-0.02827891013345835
expasy:antiparallelbeta_strand,-0.09047855724936495,-0.029440284461325364,-0.16347106788156726,0.7396874143799675,0.7019411583223228,0.07627153395326222,0.14986332611769257,0.8125329148313595,0.5090266191138687,0.4732624040033952,0.7214136031080605,-0.602376204811606,-0.7385050720367236,0.2926543267403059,-0.5432393344734594,0.7376656512887944,-0.572253868809012,0.7223344592100959,0.9486917670076771,1.0,0.6330719618783015,-0.4819069559347986,-0.7506463361053133,0.6899291421489825,0.0043118117391811,0.3732538926821591,0.5402777240737107,0.9201274177248209,-0.5874772220814132,0.8769933341869938,-0.8265026036315438,-0.4021581592493192,0.47509392762974434,-0.5239576499132353,-0.038644460857627315,-0.03864225491673087,-0.038645181593835766,-0.03864631214816162,-0.004337686388754624,-0.07347447903837147,-0.13250051185835857,0.1670167336202796,0.12711327339778686,0.1600040526472909,0.16433969610876428,-0.054613538341992694,0.075097119070625,-0.14852131097668927,-0.12678662577591437,-0.06518445951096236,-0.1000571706700258,0.010407351271246928,-0.07939858903876,-0.005700124555239974,0.08079944358740283,0.02492313410806903,-0.06717044656443055,-0.041555628081423414,0.0549557410993546,0.00556506211844901,0.023133217978091935,0.09253865844580224,0.12528743871925607,0.08079944358740282,0.11552282173518927,0.13678562429097516,-0.05082810551454084,-0.12280100862395883,0.01969045635053842,,,-0.08673314582305035,-0.01971517357832841,-0.22983815899332918,-0.37023941765786406,0.057113081501056526,0.07303624874481987,-0.31457470135654775,-0.24476398267836097,0.03348167836536536,0.30866443564014134,0.17756983760560224,-0.2119588375793921,0.015974940424590123,0.11280483897824058,-0.3447577730691438,-0.10449224972057634,0.14932124735672658,0.30687857588100664,0.3929121252898827,0.32456787259195163,,0.0013729518778202124,-0.04306885113889653,0.042698132172315675,0.05495843697809748,-0.04306885113889653,-0.03060332517323068,-0.022212580327643516,-0.028324740961433347
expasy:parallelbeta_strand,-0.08030278669381635,-0.14749467473098482,-0.17221055799873727,0.6618030241171321,0.6705365862189352,-0.06141967795539977,0.1258411923294214,0.7271726111993255,0.6751384305649397,0.6484333160775715,0.7522401144947911,-0.6951122778871424,-0.5572884449115534,0.660190170099129,-0.4194132676213338,0.40759059926775193,-0.3866124499754263,0.7364434279840928,0.8453069760653676,0.6330719618783015,1.0,-0.4464843102911506,-0.708383430638057,0.628263658503794,-0.09032164874183336,-0.11224118979600856,0.07974546691492314,0.7722941885843511,-0.6742390026846505,0.8829123005335964,-0.7516917085464224,-0.4804018443604705,0.828667543173095,-0.5794970751645447,0.0046278018702230065,0.004630711584126499,0.004630803239469239,0.00463528473329958,0.013888754351844963,-0.09265215783090074,-0.13301380165463367,0.1491966381512715,0.04019698607792808,0.30157663367962756,0.222702182963813,-0.02570309271112048,-0.0031551389932247395,-0.0810556676927288,-0.06378575100011195,-0.0900588042212614,-0.0559799258315783,-0.05203192282830015,-0.04970975385822382,-0.038130305757737196,-0.007880282021257316,-0.0907806104190429,-0.05221579538722177,-0.04124487352559198,-0.05226504366700527,0.03638421403286884,-0.006878149392280263,-0.0029488582828437536,0.02092552609285503,-0.007880282021257347,-0.04372124356804947,0.12598945511128368,-0.07052430748155349,-0.09099759883899973,0.022348772032303336,,,-0.003350481152539338,-0.13188231052204683,-0.1438967423616093,-0.18626569766822648,-0.016981308315590284,-0.23058661307318712,-0.1759980652311623,-0.06291849651202576,-0.1673928417965149,0.5689955466000729,0.1959467791904111,-0.16476888065560952,0.1044436951824357,0.10256655823699369,-0.20658922565790333,-0.10371085273179699,-0.1420103042446835,-0.029929534373688404,0.024810474485129696,0.6222522424543427,,-0.015085220474007767,-0.0357788095959247,0.015387281175931621,0.03457411655418724,-0.0357788095959247,-0.02273562261181049,-0.01702310810812202,-0.021928282341491367
expasy:polarityzimmerman,0.1111063555255119,0.17179688791617717,0.1471137449403105,-0.24995875208800036,-0.7387980244791809,0.21136753681818918,0.29032678067206746,-0.5005179132604347,-0.7870804140194392,-0.7567279222930039,-0.6262637770621926,0.6436388750508104,0.8523704657427303,-0.6198175457010963,0.29382573017339747,-0.10837828434143464,0.41490519087999694,-0.8150730989482026,-0.51410937753757,-0.4819069559347986,-0.4464843102911506,1.0,0.7597742655920905,-0.29980542639438107,0.13593962090740294,0.3480878623889622,0.13967171891232988,-0.6154881750845567,0.13208834138301603,-0.49076109034088944,0.3256358760142113,-0.10063290566198806,-0.6350755804135021,0.3203147779246205,-0.03781529275186785,-0.03780054336337387,-0.03779299136472364,-0.037794083169646914,-0.01903070029215404,0.08330116642764444,0.1480222382444383,-0.11990976205444633,-0.06704693319960163,-0.08879880220020059,-0.10386096658937863,0.09029787345581418,0.028184947797852872,0.07142781471549108,0.12703247951752586,0.08520144114901441,0.13617546906219005,0.08860045873305694,-0.03971680115979297,0.12533663346409832,-0.027178639518206794,0.02642738272815521,0.1255253384908222,-0.05679295294647267,-0.05315772282863315,-0.0329086531512479,-0.029745640292659983,-0.011799181852912052,-0.070215475396879,-0.027178639518206912,0.08694762546020801,-0.0887591321043696,0.08066691540998075,0.039312774382485136,-0.044412839470444075,,,-0.15928989603432098,0.43350517353104984,-0.11496975664409402,0.3709573541560058,-0.07343834221182767,-0.11719559905530581,0.42812881101340333,-0.13641725319760145,0.2850381413107288,-0.16932998964868892,-0.22615367617089216,0.396099865254774,-0.09446682936419708,-0.1650305591152188,-0.13446741048323765,-0.14280673149793557,-0.14443581909056333,-0.1032252428905485,-0.15202527871627475,-0.18174955800696296,,0.04403705302588635,0.05462240699740416,0.019549956603230226,-0.009044741762683231,0.05462240699740416,0.04744544874847799,0.039727309503581124,0.04524449657602475
expasy:polaritygrantham,0.11830077454703924,0.15554416809198116,0.2503155917954955,-0.6167787292114006,-0.9514793854870055,-0.006337549532594701,-0.011355486785537591,-0.7579517090010955,-0.8290675385502904,-0.7761878641268567,-0.8944929531540687,0.8341475974122975,0.9010288089627951,-0.5948967159506362,0.5953414835824807,-0.5972506371084556,0.666815616013468,-0.9515512793601706,-0.8071204006159198,-0.7506463361053133,-0.708383430638057,0.7597742655920905,1.0,-0.6831255930886198,0.07728606854587194,-0.014622468866695498,-0.2968136756480341,-0.821117663848352,0.5348399623188775,-0.7726389395649574,0.7000921189655529,0.2543466704796385,-0.7870302921212669,0.6513393323163308,0.0008104151848604884,0.0008135615939839939,0.0008241661509858081,0.0008216897865647133,-0.004426267939998029,0.06016558519018021,0.1454814244794433,-0.20810392411255638,-0.15675609710965424,-0.13403290652419225,-0.10981633368580296,0.047276354596930775,-0.04180474019261747,0.1605041309351756,0.140303002291329,0.13184133557531855,0.12638078353021948,0.039400184759693445,0.0819280145445983,0.057984500921601886,-0.05008426494298102,0.06469884994742045,0.08705372698837492,0.023877685979915995,0.003818693795064446,-0.05219227175660095,-0.050749908846098306,-0.06712699229184221,-0.11196251995606006,-0.05008426494298092,-0.009545390480311135,-0.17108689063013482,0.08665685770543384,0.1398777733647698,-0.07284231032884138,,,-0.03115498351147688,0.20055254748270637,0.2371601845936762,0.40970963259011944,-0.12529530836752514,0.15852280783273912,0.3973348133871667,0.037141141512795926,0.12675504835746576,-0.2907654363710805,-0.42389991941607,0.27470126704771874,-0.14982194523429687,-0.28739635627417554,-0.03696757391849536,0.06004079931782762,0.010375842620728699,-0.1902214571951046,-0.20017790822290402,-0.2454105447376306,,0.021127583631015183,0.06650720406522936,-0.02731739990115652,-0.05681857101730753,0.06650720406522936,0.04388779108114052,0.02173877652433877,0.027328502374396043
expasy:bulkiness,-0.05825460213939436,-0.07722398848593147,-0.16547751350796522,0.8704946125482818,0.702348550785377,0.06099989676232539,0.2795269152315048,0.7900680314289827,0.48462046106294193,0.35285586332925417,0.5943651521810634,-0.5919479307149785,-0.5549972015001349,0.18782482533380349,-0.5145425159545673,0.7477509531604855,-0.5452235564760302,0.5797113759330333,0.7352608358485987,0.6899291421489825,0.628263658503794,-0.29980542639438107,-0.6831255930886198,1.0,0.006511952884862949,0.4156528302899836,0.5502488569927771,0.7197539236207303,-0.6672320842289362,0.7089687138879347,-0.7865899831162009,-0.41068560008645905,0.4756528733528379,-0.6593385248263767,-0.061727525393063795,-0.0617266569497849,-0.0617264699429055,-0.06171983863134922,0.014720973578791522,0.026402924784494027,-0.032472777060482766,0.1914978647665335,0.14083832362902945,0.16267600417772088,0.13525242285397723,0.0006188561654212216,0.036677742682514135,-0.09229155864302288,-0.07935523649872388,-0.04977873681555367,-0.046041421823854185,-0.02701461298823824,-0.04866669019078262,-0.02736682940650339,0.05865127028711146,-0.03378186390679811,-0.0022575811867824964,-0.12937973205770104,-0.0011178419762858155,0.004884167225332705,-0.0249100166934935,0.0462775778099187,0.08718069427494102,0.05865127028711143,0.03861800890584745,0.18743708565889453,-0.08641356885598642,-0.1450084709448023,-0.013138499426627898,,,-0.22105642744430953,-0.09465438637506562,-0.14087734572069016,-0.23173135470388798,-0.061499779881703645,-0.0666051941187269,-0.144751909566109,-0.5435630450100155,-0.08690920097373472,0.3049371097955778,0.40726777651304064,-0.007123881238939875,0.014020379069940742,0.21484422096471004,0.07665471551220278,-0.32532727563318375,-0.003037308839943458,0.22275918620466365,0.11938751940662994,0.337290092803732,,0.012214092185280054,-0.036217243853479845,0.05512477204510434,0.06662006800559032,-0.036217243853479845,-0.015755839361791563,0.011496181298907426,0.006652967574877863
expasy:isoelectric_points,0.009759841454654422,0.2595025353668626,-0.1819752057582857,0.048357720989079894,-0.26121890808557163,0.9079614245448356,-0.046002212167523225,-0.04671211050382328,-0.4375077600233852,-0.4162766428564137,-0.21455644810470262,0.30828290190715363,0.13432130241231288,-0.21637653938510903,0.09726058806096192,0.12614593146437383,0.07351778899562879,-0.15659515861187157,-0.03548467700339723,0.0043118117391811,-0.09032164874183336,0.13593962090740294,0.07728606854587194,0.006511952884862949,1.0,0.19478165775610734,0.1852931658166389,0.0945771553182018,0.11124978643882678,-0.031027231461444104,0.14791025418851292,0.015801548437957436,-0.33957787741976636,-0.10834069448759841,-0.017081322335429007,-0.01708315697608082,-0.01708674492712954,-0.017087789507766418,-0.013927135836967542,0.019553934487697044,0.05178213467926962,-0.033000000561679496,-0.017063833324686476,-0.01887414381180818,-0.032322828384142285,0.09929323091958246,0.08252204841872393,-0.005951880780938243,-0.13502613262289043,-0.12492791161427608,-0.1396132343821519,0.034431571508951014,0.15006284916209095,0.16393520145615448,-0.009737155724266202,0.004077869533809033,0.12488960056094216,-0.028276282817050497,-0.029644690218191255,-0.014651862471616333,-0.02918866666584686,-0.005531548898059616,-0.027934466798529827,-0.009737155724266231,0.15157489494209578,-0.005383367569280154,0.14755786304079568,-0.1302357630917041,-0.03050190117159129,,,-0.024859183697760502,0.5670070751936831,0.43439271909316013,-0.39430023793872165,-0.0720632425533054,-0.07017882506393383,-0.43893697190401765,-0.025881365680919057,0.11077043263272655,-0.034689383941987624,-0.046330432777211064,0.3940937706177389,-0.04205930232429915,-0.049055452695118705,-0.004204406134367815,-0.07110113699881992,-0.08054812895492794,-0.03698199330496625,-0.08106697972912355,-0.03970091559386158,,0.01129787780152518,0.02336687896481591,-0.0015148100042546447,-0.012568416630388404,0.02336687896481591,0.015233921382806917,-0.009979333861497243,-0.007745349362518791
expasy:molecularweight,0.021762502931486464,0.1243024862287164,-0.017069041686472948,0.3729095367225483,0.04048536144583381,0.21254292396956884,0.313578613908082,0.2162727956198359,-0.2924614118853845,-0.34705819154840795,0.01618461806337372,0.04671592037392049,-0.009353378529253092,-0.6469717859761955,-0.3878753562719036,0.7748245464899307,-0.19505612250673668,-0.09812267729233398,0.2144678467602879,0.3732538926821591,-0.11224118979600856,0.3480878623889622,-0.014622468866695498,0.4156528302899836,0.19478165775610734,1.0,0.9150930402185525,0.1875894354964101,-0.16236622395808648,0.1263505425066839,-0.2788381837235963,-0.2452352344200474,-0.34077266323062766,-0.14174747279929908,-0.10300896312738643,-0.10299900209855971,-0.10300044081914225,-0.10300104809269262,-0.04318841771456088,0.09805328422369398,0.05671559860473937,0.07515215633105818,0.1021800404886438,-0.06408400607197993,-0.08417507263026959,0.034794388482617344,0.16361293757399842,-0.017953176359177776,-0.012390093217402927,0.03935526384497228,0.032353905272537536,0.03618039907812029,-0.013059860595143987,0.10421318940378585,0.10730575030060582,0.04015665168593352,0.027143094603330847,-0.1041301244425259,-0.05486196559673152,0.0221045977730272,-0.02695795968585044,0.12701107711191062,0.15896801473672734,0.10730575030060581,0.25188656568364526,0.073497052036361,0.004297695060712417,-0.09427378654979997,-0.0017485754255586131,,,-0.3917907420127097,0.36044495139286836,-0.03780488233149964,-0.03618126809088935,-0.06655590026853488,0.06896570996594988,0.10171904742729729,-0.4332795890733125,0.11639661749583996,-0.05293034820414728,-0.07069269213450291,0.08565104260414233,0.06345295434582855,0.24132946327529634,-0.16857164216612402,-0.26183675879870083,-0.14906644822668283,0.40755027973022906,0.3804714519110009,-0.18811564888805718,,0.05179530783416335,-0.011739185700162592,0.0869522698702619,0.07652405694612514,-0.011739185700162592,0.006069399205451612,0.033474724341903815,0.03552952483969759
expasy:refractivity,-0.01241162664755867,0.07475836057587013,-0.10701045770789033,0.4772247118115325,0.30770788583146386,0.25513833590425655,0.26509505709915704,0.4222156836781817,-0.05316272470239207,-0.10307735606735625,0.27785521853056516,-0.20011544895040756,-0.2388565540574758,-0.4543247239674762,-0.5416984843160865,0.8737557872058405,-0.402598982047685,0.1433374328212779,0.4082204453268243,0.5402777240737107,0.07974546691492314,0.13967171891232988,-0.2968136756480341,0.5502488569927771,0.1852931658166389,0.9150930402185525,1.0,0.38944611727950684,-0.28319517479406725,0.32084606475878674,-0.41842680385477793,-0.32659322335860913,-0.07390825511221723,-0.21482836815489165,-0.09141142814770788,-0.09139657790153738,-0.09140100831951592,-0.09140681903511529,-0.03769447534069899,0.06629668164609356,0.01590327183742219,0.11897045879719965,0.13012668816577674,-0.026147125402776018,-0.058474222648905214,0.03733825561195685,0.15320909085967505,-0.06769618551154401,-0.056570935157481,-0.007942058246475883,-0.007402897129044996,0.02375926146217816,-0.03762701388026843,0.07550868619787676,0.12150155176304024,0.01237318726024921,0.0308874091957079,-0.11687799958219582,-0.06557814616196057,0.020836582316389112,0.09218974948264158,0.12926993095589442,0.17378149604489637,0.1215015517630401,0.23250643444770516,0.11072949647657714,-0.013726905858120964,-0.13673858536368722,0.07747541412750039,,,-0.3439729009368905,0.2611639167944214,-0.10892036877929173,-0.16519715672601215,0.22760519875577356,-0.010396497937985768,-0.023274335441906015,-0.38819974729145806,0.07643635058932738,0.028715295647518742,0.028255985696863776,0.09746636629371826,0.05981301808885088,0.30429057328069964,-0.16684711918613032,-0.2938914819252347,-0.17818357806407148,0.46146633586701974,0.3620356744595041,-0.11811736122273186,,0.04186484129194599,-0.026747227850430308,0.08529724596467021,0.08250469091513661,-0.026747227850430308,-0.005804436984660375,0.021412970194526634,0.022239317670300466
expasy:beta_sheetfasman,-0.10468446083427309,-0.05974155745941662,-0.20607138596621138,0.7499082720599946,0.7583870113975041,0.10584374952375533,0.0008072717126262228,0.8404844470011831,0.6141798895534505,0.5790016432850892,0.7847823915931755,-0.7098917472551802,-0.792191744202608,0.46122924354469824,-0.5180133125229646,0.652815259315368,-0.5575599125679574,0.8093796964619621,0.9507698343787486,0.9201274177248209,0.7722941885843511,-0.6154881750845567,-0.821117663848352,0.7197539236207303,0.0945771553182018,0.1875894354964101,0.38944611727950684,1.0,-0.5504877926853841,0.9361469140312305,-0.7862080542644693,-0.33708924189191974,0.6276151864339699,-0.5629970001814188,-0.023036701261524163,-0.02303557180021076,-0.023038124489477653,-0.023037423768849798,-0.003469976481448848,-0.07512172702603713,-0.1548669628469653,0.17581649755500878,0.11572111300085873,0.2077533975109199,0.19341977277263853,-0.052223550053642084,0.066131870768848,-0.09860089495019861,-0.10720692171156326,-0.11462771437759782,-0.15410249414159222,-0.022854173890021888,-0.025545826178026566,-0.019777953536743564,0.03957475732381368,-0.004264286176792152,-0.06282961651244813,-0.06489668035842669,0.035609113389076186,0.0030249632244072045,0.019676883842391496,0.0757582298076751,0.10794030329517651,0.03957475732381373,0.049354024429644656,0.1459742801830631,-0.0512017626245237,-0.13300245893603022,0.015481674663446828,,,-0.11589270845844998,-0.068406538001442,-0.07394848862937786,-0.31306321167922196,0.048579815901167334,0.040385107695377585,-0.4844904742785353,-0.13949224769487215,-0.07352457695993732,0.36051662309422616,0.22926618374267652,-0.19826118721368413,0.008683390457814062,0.2194495488197989,-0.26280586229036274,-0.16318367554841834,0.09675417203292457,0.1503060495117275,0.27614332758121507,0.4545281181939679,,-0.010023804081260888,-0.04778843515771118,0.029815596803168185,0.04840239843389713,-0.04778843515771118,-0.03398495560039391,-0.02851872206024447,-0.03445961966136059
expasy:beta_turnfasman,0.03416664882304336,0.08158967704476273,0.13965824649244316,-0.5642824208118405,-0.5107487135295627,-8.290902274814246e-05,-0.7044282327207398,-0.4795332266218264,-0.4403185955665353,-0.39463363128557694,-0.5933850771032233,0.5559414120451223,0.3540102598249582,-0.3709488594514073,0.47501312655423705,-0.5546960639433078,0.5630498405747701,-0.5376393424894889,-0.6802910058125696,-0.5874772220814132,-0.6742390026846505,0.13208834138301603,0.5348399623188775,-0.6672320842289362,0.11124978643882678,-0.16236622395808648,-0.28319517479406725,-0.5504877926853841,1.0,-0.6667227691209759,0.8375160691742785,0.8615263828521098,-0.5994025529310172,0.6817285311522685,0.025906969525026673,0.02590754603112611,0.02590753762389903,0.02589764822443484,-0.021120549957718882,0.03454539972684268,0.038068905086124816,-0.1371203525557923,-0.08840057398050306,-0.16495749988877143,-0.13627116412436707,-0.01384469092141023,-0.019053816828172192,0.17306703259111889,0.12178733641979844,-0.03838519276294149,-0.052935991454144085,0.00022165186237852597,0.12312697891802778,0.0003100821317834951,0.0014262960621416777,0.0048883608643960266,0.01453655471852006,0.12195051873472323,0.0027033401736700573,-0.050318526780089565,0.031607133778360906,-0.02125373618569106,-0.02180308722622781,0.0014262960621416743,0.01807939912003311,-0.12608026593056654,0.051065945103506066,0.10875255163720607,-0.016042156038389734,,,-0.18348374224909,0.0010724893802591812,0.3564204162761163,0.3556406067139932,0.07803414160572013,0.018891264170690928,-0.16642808897340047,0.332911493406183,0.000713080222990575,-0.3261328928661775,-0.3263616604418353,0.045870638028154886,-0.1444432156291999,-0.23479267294418488,0.34056317028494687,0.3066464073702574,0.0073452949352857694,0.0054171128525315896,0.12924815110370103,-0.32811046586436415,,-0.009019683100806886,0.012064189230247022,-0.030952190630488166,-0.03258521687926175,0.012064189230247022,0.007016348599961608,0.007524746505978383,0.015274938830995333
expasy:beta_sheetroux,-0.09007687625736696,-0.08144990159518956,-0.16602397842845537,0.7809403847900256,0.7235459714571387,0.023046838780826966,0.0673343066868084,0.8616495196529496,0.6178003342692399,0.6026291513551609,0.7953751298310936,-0.7270813719527341,-0.6786437658402622,0.5105238625846308,-0.4939837538892611,0.6101122835496213,-0.5087766325033511,0.7788258114539096,0.9659426014549888,0.8769933341869938,0.8829123005335964,-0.49076109034088944,-0.7726389395649574,0.7089687138879347,-0.031027231461444104,0.1263505425066839,0.32084606475878674,0.9361469140312305,-0.6667227691209759,1.0,-0.8480679421908239,-0.4683134709973087,0.7151184691051198,-0.5312206976836689,-0.019064325401334466,-0.019057273343434926,-0.019055450629384293,-0.01905523342526356,0.004435318644238722,-0.0968793272188941,-0.15095387650527148,0.1572781115839229,0.08321748915871106,0.2563655535994602,0.2356047779447854,-0.0392975579540312,0.042616302230524025,-0.11820331118398276,-0.0951481757417339,-0.09444350549516217,-0.09594558982121937,-0.020998770926823392,-0.06998025025250856,-0.019016733200552756,0.029058410418056443,-0.036305232981077525,-0.059378003174389495,-0.020222807179913052,0.03843783901211244,0.022105488000817575,0.01799506149999465,0.05005538998959065,0.07562951314980877,0.029058410418056412,0.022903262851668535,0.1343990382885041,-0.06335468739709835,-0.10934661110277195,0.028497065905512285,,,-0.16578629622560978,-0.06577368482185363,-0.2025745303367701,-0.27784953627591996,0.04442760255140651,-0.09174000325601915,-0.3016480984058684,-0.165372011039743,-0.06755552646544873,0.43594367785246435,0.17772225011783255,-0.18736949319753995,0.06345550981342224,0.20497622652189124,-0.3302073208696231,-0.05085055178938177,0.10444015406158814,0.11036466602412909,0.1346459829735169,0.5682249214040025,,-0.007450989430137235,-0.0390955366443494,0.027660543191676677,0.043150435712410694,-0.0390955366443494,-0.026977174956379107,-0.026953124047933385,-0.033828834070907164
expasy:beta_turnroux,0.07342355294001089,0.08944661387710415,0.1372375962926713,-0.8116673361709219,-0.6904663442259308,0.04873170105945568,-0.4152571431877817,-0.7583551614121483,-0.5357176021561766,-0.5267466617820415,-0.7497213350625294,0.6579067865475385,0.579667469684004,-0.33408417404647656,0.615311214301115,-0.6992000835301736,0.6152910621231579,-0.6881044374322902,-0.8781792102983801,-0.8265026036315438,-0.7516917085464224,0.3256358760142113,0.7000921189655529,-0.7865899831162009,0.14791025418851292,-0.2788381837235963,-0.41842680385477793,-0.7862080542644693,0.8375160691742785,-0.8480679421908239,1.0,0.5919046275994236,-0.6273980447626369,0.6219256137122814,0.038299573495732424,0.03830325960327881,0.0382983613754411,0.03829151285549267,-0.026839271562524226,0.055550051580564544,0.10985463402945549,-0.16038827906453687,-0.09314484416599479,-0.19775839552828672,-0.18827394410152365,0.034623249816488476,-0.04629104849293547,0.12060999929440716,0.05782080079596862,0.04738132960887083,0.05051796137627094,0.00565396613678305,0.11770996309872807,-0.0037174849591399767,-0.04380420753390734,0.012721333981760638,0.08012328872760596,0.08897522620256898,-0.04135512531631222,-0.06504929865921577,0.004110742226895035,-0.045956138603409816,-0.06943492354987976,-0.043804207533907076,-0.05320272689625337,-0.13965980368116476,0.07041573722896029,0.11201660133765244,-0.04546397844459881,,,-0.08258285637982297,-0.012857764867066575,0.3407395715883201,0.16884698590406674,0.010148919015799219,0.03642161077070163,0.15882592428571274,0.4611590594063737,0.01818947691363525,-0.42879249517730544,-0.21607606820940709,0.25283201184991166,-0.18672903349943362,-0.18814258415670607,0.2631054270239254,0.22372954000568918,-0.11236676593372355,-0.16636962123457893,-0.08340008426685093,-0.3622680476472937,,-0.004578892304138362,0.03240132156419232,-0.040775400378302455,-0.05055200904814776,0.03240132156419232,0.019591143641847126,0.013309494939003432,0.020864468689882308
expasy:coilroux,-0.0055612338846924335,0.022203947933922816,0.08164062284928354,-0.21792590839271198,-0.21597663916779872,-0.040637902438382945,-0.8321931652819556,-0.17800597607913993,-0.15656484201429738,-0.14752472116488,-0.3552429714548952,0.33022495774154004,0.08254121074096384,-0.22501587034009451,0.2670429443374457,-0.4709546743151071,0.432752966463381,-0.27958393258487835,-0.4731158840965884,-0.4021581592493192,-0.4804018443604705,-0.10063290566198806,0.2543466704796385,-0.41068560008645905,0.015801548437957436,-0.2452352344200474,-0.32659322335860913,-0.33708924189191974,0.8615263828521098,-0.4683134709973087,0.5919046275994236,1.0,-0.3682758101361826,0.4102335510812434,0.027990461683060353,0.02798005622763641,0.027981628412273224,0.02797856354759882,-0.010986627196314866,0.015303292827500158,0.016783029191594946,-0.08500010479279825,-0.06201761052654426,-0.09883602536222873,-0.04044287799086054,-0.05060095875706838,-0.03064705613232074,0.12035185563622305,0.09704198912983004,-0.08375553790640611,-0.09813075629917095,0.027130999731607427,0.07105845882277466,-0.03217230066043631,-0.007351385707379885,0.009875057100516907,-0.032892179397838076,0.07231213758507621,0.07540448124681794,-0.04293264275852652,-0.004837548868124334,0.0020088112388644826,-0.015201766503634133,-0.007351385707379855,-0.018837680365732707,-0.06711655967204702,0.016500202082413082,0.07289293518150995,-0.03508647271489434,,,-0.17288630172604105,-0.11127519860097818,0.20569566228383546,0.2833798070096475,-0.011943315583339189,-0.028795836936705527,-0.3085181516725501,0.27544002543084095,0.08728363087485311,-0.10834230935026065,-0.2706920727663169,-0.10379249308595334,-0.12324146536729026,-0.2162785513571387,0.6152413972201383,0.1818299539009241,0.2048828925026394,-0.027920771189372185,0.16692464627163786,-0.26817024875989903,,-0.018581962419678345,-0.0058102463986927895,-0.029127499192325032,-0.020541969522186943,-0.0058102463986927895,-0.003121981091768227,0.0031091880699331232,0.009380635965585723
expasy:hphob_chothia,-0.09982764155864587,-0.23667945695992731,-0.14476917078102164,0.4548568201896368,0.8261746336775918,-0.3166813113186604,0.04717266811356252,0.5720696114708589,0.9047312408573576,0.9190442073921742,0.8806202658503967,-0.8862702914323272,-0.7071859138397881,0.7947778675466899,-0.501533634362624,0.27870639885376264,-0.5643787914849248,0.8628290745287566,0.6664009135214563,0.47509392762974434,0.828667543173095,-0.6350755804135021,-0.7870302921212669,0.4756528733528379,-0.33957787741976636,-0.34077266323062766,-0.07390825511221723,0.6276151864339699,-0.5994025529310172,0.7151184691051198,-0.6273980447626369,-0.3682758101361826,1.0,-0.47301325096054453,0.03167026697639464,0.03167086850639453,0.031667740988680915,0.031674113996052154,0.018565135608591504,-0.09290303612904496,-0.1722906589402126,0.1617443989118498,0.08327655269221028,0.20862308385221898,0.16403813274943357,-0.07598753478058375,-0.043923486646376214,-0.08108479993061145,-0.05585025111698697,-0.08196896227840124,-0.04454248547003847,-0.030694779783132297,-0.059113006211529186,-0.11217868949283548,0.00018918097349535602,-0.07860729369002094,-0.11139016602173238,-0.024530621067426896,-0.018283734176180504,0.03712977061335012,0.05943095489728509,0.014138456679609954,0.031010605586975708,0.0001891809734953558,-0.13652775167021725,0.11682711763359761,-0.10040207167259055,-0.05891480942369138,0.06751518642044464,,,0.1385284875999423,-0.38799544004831443,-0.1711166997386604,-0.1630926316009524,0.14672774768943467,-0.23570024440207554,-0.1400393292213295,0.09721647142585142,-0.09874873225754692,0.4433632954310687,0.32361524150299775,-0.3514958038145328,0.10658387290244627,0.3057391414253956,-0.10460878943850777,-0.06168261438272615,-0.04967906789920735,0.0007185146970379015,-0.1583626309424066,0.38955919653552684,,-0.03136173803485955,-0.04902351884113561,-0.0019028466104156355,0.023891129391325268,-0.04902351884113561,-0.03680235064081051,-0.029575336522874925,-0.03552437115780006
expasy:ratioside,0.06851860570426434,0.07463332598868928,0.2515115685129648,-0.5622535518953549,-0.5794006250656999,-0.2143073787320645,-0.36594185708098165,-0.5004995237068983,-0.5164155964461503,-0.3279047412261867,-0.5118316832166311,0.48346144723515105,0.5255572698090271,-0.37870820098131325,0.35054040022723465,-0.526720530576215,0.5275354578579733,-0.610138823887441,-0.5975800451432599,-0.5239576499132353,-0.5794970751645447,0.3203147779246205,0.6513393323163308,-0.6593385248263767,-0.10834069448759841,-0.14174747279929908,-0.21482836815489165,-0.5629970001814188,0.6817285311522685,-0.5312206976836689,0.6219256137122814,0.4102335510812434,-0.47301325096054453,1.0,0.016957100447876263,0.016973146731306787,0.016981266114326574,0.016966434642877455,0.007066649690843497,0.008754614086960434,0.034958753298143685,-0.15700427044781531,-0.12430393512889554,-0.12236866784900192,-0.08660626784518165,-0.0518706745024106,-0.04928077829811456,0.168556855749674,0.13152333216060313,0.0791500901046996,0.06447353195199222,0.005286313863651483,0.10469369169361019,0.017379825431699508,-0.03227014941758821,0.03880214915973005,-0.030411107577188633,0.14647626753403492,0.027935156348846746,-0.04942866276390993,0.18860467498696115,-0.06417605105443373,-0.08352825067701115,-0.032270149417588226,-0.02856345285856422,-0.17881218159976636,0.044968633790253,0.16069996651524415,0.09024762060896736,,,-0.2177118411229451,0.060112068048059596,0.3030608685669173,0.3840714397875602,0.4656418395491783,0.14110206762366428,0.2027015347664108,0.07478736140692552,0.017006696123553617,-0.2333441977458029,-0.3116497452273271,-0.09596337885560655,-0.14188879227474252,-0.2306404537858462,-0.05338451774447907,0.36831677036176313,0.07590312327103388,-0.12256294173639952,-0.1436625513070254,-0.25045891098075584,,-0.0005563394692096405,0.04387601557577611,-0.041934198331651226,-0.05938145946605145,0.04387601557577611,0.022198973099435443,-0.009879178689431967,-0.007465996967809939
atom_N,-0.0290560256052294,-0.09229468817764869,-0.10032366857644744,-0.055564922071298296,-0.006535465157145219,-0.0162809750605305,-0.03595500214499711,-0.03225311077632594,0.02749532784132417,0.035943304878034814,-0.0008639112265913839,0.0007552248194381541,-0.0004801733803130507,0.0663014851025086,0.03653843878727602,-0.08075539047619083,0.021383937352329005,0.011023842915329901,-0.025138891944755017,-0.038644460857627315,0.0046278018702230065,-0.03781529275186785,0.0008104151848604884,-0.061727525393063795,-0.017081322335429007,-0.10300896312738643,-0.09141142814770788,-0.023036701261524163,0.025906969525026673,-0.019064325401334466,0.038299573495732424,0.027990461683060353,0.03167026697639464,0.016957100447876263,1.0,-0.14719217384692748,-0.1471915913942063,-0.1471898440293435,-0.14051429025747278,-0.10838689107826867,-0.07015841026536568,-0.06774099460209197,-0.06323790021909456,-0.048927629646073896,-0.05898665458935124,-0.038081220845193706,-0.04834547113706033,-0.042835664926535635,-0.03260496557205693,-0.043900327558008274,-0.03474616954779384,-0.021531048320829766,-0.027572205151536907,-0.030121079476674598,-0.017115709949625035,-0.03428005064191011,-0.03240981213615501,-0.03468322523785181,-0.03244038004159401,-0.019763452100318303,-0.01792590517227923,-0.04342575860052463,-0.041372981925237626,-0.01711570994962499,-0.05882676259034371,-0.5053966341911136,0.8419667732143867,-0.18510743099077598,-0.026714072371046775,,,0.0489510427362598,-0.02860866949846269,-0.0015961176937934458,-0.0017169350699396272,0.01323897145609369,-0.009673511077688626,-0.012900071880816367,0.07066064707741566,-0.014985296256199255,-0.001889128077025834,-0.002353962327660218,-0.011484064024311853,-0.0010211354157972884,-0.026586081663152673,0.009770048683510802,0.02639761301937761,0.010530762909981187,-0.028529108712617556,-0.03215972112289096,0.011705684213012948,,-0.06375248451063886,-0.022658633454678955,-0.08634866598835657,-0.07119647966860027,-0.022658633454678955,-0.0463807530484951,-0.07462396466395199,-0.0818637310342724
atom_CA,-0.024773183044814417,-0.0922939577487229,-0.10032287460540862,-0.0555649633583564,-0.006537321848159107,-0.016282038567626993,-0.03595948811933724,-0.03224725393629303,0.027490530101651072,0.03594387576722604,-0.0008573650919462885,0.0007472560216215964,-0.00047583128481658505,0.06629917938697909,0.03653088507399451,-0.08074597459077691,0.021374928356207773,0.011018580591051368,-0.025136121422027653,-0.03864225491673087,0.004630711584126499,-0.03780054336337387,0.0008135615939839939,-0.0617266569497849,-0.01708315697608082,-0.10299900209855971,-0.09139657790153738,-0.02303557180021076,0.02590754603112611,-0.019057273343434926,0.03830325960327881,0.02798005622763641,0.03167086850639453,0.016973146731306787,-0.14719217384692748,1.0,-0.14719042650598818,-0.14718867915493836,-0.1405131782140342,-0.1083860332941179,-0.07015785502505002,-0.06774045849342818,-0.06323739974834994,-0.048927242428167705,-0.058986187763370765,-0.03808091946679911,-0.04834508852641047,-0.04283532592101955,-0.03260470753326372,-0.04389998012664915,-0.03474589456330891,-0.02153087792206867,-0.027571986942486634,-0.030120841095591534,-0.017115574494272638,-0.034279779346334915,-0.03240955564182427,-0.034682950751514965,-0.03244012330534597,-0.019763295690481502,-0.017925763304964277,-0.04342541492494602,-0.0413726544955323,-0.01711557449427262,-0.058826297029761186,0.29124090642689243,-0.17481945669303184,-0.1851059660329879,-0.026713860953344253,,,0.04892800052586298,-0.028607400392954323,-0.0015950258562970696,-0.001715631491982559,0.01326290953782012,-0.009685331066356929,-0.012888591450012884,0.07066209138619653,-0.014969291238730852,-0.001910906441039019,-0.002352256894835642,-0.011482720526023801,-0.001020358663840639,-0.02658496569950204,0.009758225286027425,0.026398971613145843,0.010519912744927938,-0.028528379645999254,-0.03215863474748886,0.011728796319255823,,-0.07850136187734999,-0.03358555526021527,-0.09994621858722857,-0.08095542814146388,-0.03358555526021527,-0.061383058391387454,-0.07304763072238644,-0.07982777994978386
atom_C,-0.018909263741069077,-0.0922935925332056,-0.10032247761873901,-0.05555800347708023,-0.006545655010236393,-0.016286128849450365,-0.03596375817668394,-0.03224213370686766,0.02748377431306202,0.03593923650612596,-0.0008637764334889827,0.0007516499860551583,-0.0004666545329396975,0.06629216321554739,0.0365346491336347,-0.08075249130851445,0.02137776229243653,0.01100951507805618,-0.025138031607267474,-0.038645181593835766,0.004630803239469239,-0.03779299136472364,0.0008241661509858081,-0.0617264699429055,-0.01708674492712954,-0.10300044081914225,-0.09140100831951592,-0.023038124489477653,0.02590753762389903,-0.019055450629384293,0.0382983613754411,0.027981628412273224,0.031667740988680915,0.016981266114326574,-0.1471915913942063,-0.14719042650598818,1.0,-0.1471880967160527,-0.1405126221907103,-0.10838560440080351,-0.07015757740408164,-0.06774019043832438,-0.06323714951225472,-0.048927048818652015,-0.05898595434969884,-0.03808076877716092,-0.04834489722053342,-0.042835156417766376,-0.032604578513493535,-0.04389980641046587,-0.03474575707066948,-0.021530792722440375,-0.027571877837647217,-0.03012072190470506,-0.01711550676639913,-0.03427964369815405,-0.03240942739428776,-0.03468281350795112,-0.032439994936850305,-0.019763217485335726,-0.017925692371100633,-0.0434252430866622,-0.04137249078020247,-0.01711550676639913,-0.05882606424879014,0.2912397539603391,-0.1748187649166755,-0.18510523355197306,-0.026713755244183554,,,0.0489287449844205,-0.028606765835268756,-0.00159447993276857,-0.00170365780723773,0.01326325386802058,-0.009684791466287396,-0.012887875747939112,0.07064867825914843,-0.01496885741439626,-0.0019102684140546158,-0.0023694214861603446,-0.011482048771220985,-0.0010199702844589105,-0.026584407713374884,0.009758816939534789,0.026399650916643085,0.010532680089425844,-0.028528015110142597,-0.032169712941526415,0.011740352474634019,,-0.12440862908854736,-0.1388146104278375,-0.08333547470758176,0.030283594701502176,-0.1388146104278375,-0.05017942107683689,0.10955689953576667,0.11644253079517819
atom_O,-0.01476831639802814,-0.09229249688242946,-0.10032128665415485,-0.05555233842575977,-0.006540574891111721,-0.016290235306116393,-0.03595255554681918,-0.032247521914279015,0.02748972196924078,0.03594465277468481,-0.0008592077603443471,0.0007484843825305404,-0.0004693730654901198,0.06629782189879574,0.03652779765371551,-0.08074839043679616,0.02137803072773091,0.01101592614362374,-0.025136982944124753,-0.03864631214816162,0.00463528473329958,-0.037794083169646914,0.0008216897865647133,-0.06171983863134922,-0.017087789507766418,-0.10300104809269262,-0.09140681903511529,-0.023037423768849798,0.02589764822443484,-0.01905523342526356,0.03829151285549267,0.02797856354759882,0.031674113996052154,0.016966434642877455,-0.1471898440293435,-0.14718867915493836,-0.1471880967160527,1.0,-0.14051095411430775,-0.10838431771590723,-0.07015674453798974,-0.06773938626990846,-0.06323639880107307,-0.04892646798787534,-0.058985254106001986,-0.038080316706518666,-0.048344323300693146,-0.042834647906059245,-0.03260419145269507,-0.043899285259911346,-0.034745344591162394,-0.021530537122578335,-0.027571550521867473,-0.030120364330669877,-0.01711530358199853,-0.03427923675204642,-0.032409042650198575,-0.034682401775668066,-0.03243960982988396,-0.019762982868999582,-0.01792547956869313,-0.04342472756982194,-0.04137199963233328,-0.017115303581998455,-0.0588253659032064,-0.5053846348740227,-0.1748166895795948,0.7951590232846081,-0.02671343811548825,,,0.048930978390978756,-0.02860486214250639,-0.001592842143061376,-0.001701702300401584,0.013241037033641554,-0.009683172647943394,-0.01288572861766332,0.07065084465379932,-0.014967555927488203,-0.0018968269038949761,-0.002357854706532801,-0.011490668122067579,-0.001018805132699502,-0.02658273373779919,0.00976059192185966,0.02638944363825195,0.010534597304194064,-0.02852692149238595,-0.03217970494105468,0.01173169778237608,,0.00242369843263837,0.06486694103702687,-0.047145995517151436,-0.09469018456660977,0.06486694103702687,-0.0031303608167984644,-0.07437223048513156,-0.08109613747809434
atom_CB,-0.015989652411447293,-0.08810672217941061,-0.0957713793698586,0.01274271944760657,0.004060778306051555,-0.014651748430292813,0.017588745002590094,0.015948364042112737,0.014383875218127617,0.01761709034189019,0.000523849260541421,-0.007764830047126638,-0.0004002399285603495,0.026163646094328676,0.022337539715118617,-0.03125784830197339,-0.016935635622578993,0.006477436232186315,0.002653518178765304,-0.004337686388754624,0.013888754351844963,-0.01903070029215404,-0.004426267939998029,0.014720973578791522,-0.013927135836967542,-0.04318841771456088,-0.03769447534069899,-0.003469976481448848,-0.021120549957718882,0.004435318644238722,-0.026839271562524226,-0.010986627196314866,0.018565135608591504,0.007066649690843497,-0.14051429025747278,-0.1405131782140342,-0.1405126221907103,-0.14051095411430775,1.0,-0.10346872489283465,-0.06697490054792854,-0.06466717759613451,-0.06036841573253717,-0.04670748834240866,-0.056310074727095843,-0.03635324644904939,-0.04615174587195018,-0.04089195276101183,-0.031125481867353675,-0.041908305235224604,-0.033169526519812094,-0.02055405495258172,-0.026321088105138335,-0.02875430464738483,-0.016339067081870585,-0.032724558236651456,-0.03093918371846931,-0.03310943837239714,-0.03096836457389513,-0.018866665220831517,-0.01711249886654959,-0.041455270330208724,-0.039495640498882705,-0.016339067081870506,-0.056157437991291415,0.2780277523659464,-0.16688816557573605,-0.17670799173466137,-0.025501893978408286,,,0.05599132195532555,-0.022111356409158088,0.004384926226165429,0.005229475143721493,0.01717432571983967,-0.004203791857693228,-0.005084702316631624,-0.07116712215436302,-0.010081522084454758,0.004764125549324598,0.006487899378793557,-0.004127980037016652,0.0029689125043057384,-0.02031755306907884,0.015433651423776618,0.03374135348389706,0.017089850276628397,-0.024613211351831924,-0.025949961897191915,0.019492643022085504,,0.0016104115762991767,-0.028269656569175794,0.026193884554606563,0.04284614975247201,-0.028269656569175794,-0.013673079445234779,0.02788944119887579,0.02972241937270361
atom_CG,0.019064629689394718,-0.06796186838097173,-0.07387406679531351,-0.026891940292782933,-0.044042025779010736,0.005864467088215439,0.05070589392831093,-0.07180677031519671,-0.07283662104395018,-0.08794452921600587,-0.06745105293021382,0.046144894502755954,0.05979016134497524,-0.10932366388550392,-0.004806206130586595,0.04068666313308001,0.008254719694972773,-0.07945445755458691,-0.0879720485056599,-0.07347447903837147,-0.09265215783090074,0.08330116642764444,0.06016558519018021,0.026402924784494027,0.019553934487697044,0.09805328422369398,0.06629668164609356,-0.07512172702603713,0.03454539972684268,-0.0968793272188941,0.055550051580564544,0.015303292827500158,-0.09290303612904496,0.008754614086960434,-0.10838689107826867,-0.1083860332941179,-0.10838560440080351,-0.10838431771590723,-0.10346872489283465,1.0,-0.05166165830795247,-0.04988157661123261,-0.04656569014141506,-0.03602821778647256,-0.043435254342253274,-0.028041385370803914,-0.03559954111235866,-0.03154235502854758,-0.024008904765017866,-0.03232632714069319,-0.02558559596631023,-0.0158545448386787,-0.020302994836223616,-0.022179877079665965,-0.012603278149705834,-0.0252423659022941,-0.02386520210577695,-0.02553924646351606,-0.023887711006420797,-0.014552962439289836,-0.013199871325023347,-0.03197687481940146,-0.030465297707264527,-0.012603278149705877,-0.04331751669985797,0.2144590678799074,-0.1287306037796226,-0.13630521008012841,-0.019671102489736032,,,-0.06409949347778178,0.016382212074942407,0.03980392968374584,0.04711544443965877,-0.03258886539276415,0.02876422565931304,0.03818733729799178,-0.05489536404564138,0.017607946748118,-0.0687020274337668,0.06207718272784512,0.0357394248195866,0.02810616719782114,0.01533527558025479,0.05508058366767957,-0.06421881806027183,-0.06490573564511126,-0.001794938022836165,0.008471622045147242,-0.07374100208815212,,0.007609484213570565,-0.03226209570840614,0.03565831855042023,0.05804526344797575,-0.03226209570840614,0.0045662914733923575,0.03309406620010084,0.03700929806356576
atom_CD,0.052717050222144644,-0.043991451335471866,-0.04781839422309966,-0.06472040436743967,-0.15327889096767097,0.0853398070560853,0.053257197366256226,-0.09497830645665246,-0.17735421745285185,-0.20153401579255195,-0.19332379335312433,0.19223649425996517,0.18170356169300736,-0.1674639237995512,0.06431113896055499,-0.0618008738442543,0.15349839911020374,-0.1916311459771385,-0.14587774402198267,-0.13250051185835857,-0.13301380165463367,0.1480222382444383,0.1454814244794433,-0.032472777060482766,0.05178213467926962,0.05671559860473937,0.01590327183742219,-0.1548669628469653,0.038068905086124816,-0.15095387650527148,0.10985463402945549,0.016783029191594946,-0.1722906589402126,0.034958753298143685,-0.07015841026536568,-0.07015785502505002,-0.07015757740408164,-0.07015674453798974,-0.06697490054792854,-0.05166165830795247,1.0,-0.032288149256417396,-0.030141788926044785,-0.023320924324402338,-0.02811547008875805,-0.01815107896981237,-0.02304344359149615,-0.02041724292313763,-0.015540870060659243,-0.020924705002114814,-0.016561456102584513,-0.010262584804276876,-0.013142049072215483,-0.014356947600490342,-0.008158052605061313,-0.016339284625877366,-0.015447851891921422,-0.016531454250882857,-0.015462421815187607,-0.009420075612786558,-0.00854422503181058,-0.02069850588263429,-0.019720067935700542,-0.008158052605061333,-0.028039258973771207,0.13881851504146775,-0.08332681585227489,-0.08822982885635879,-0.012733027630162843,,,-0.04149135118165686,0.08753543411708102,-0.03804279648701657,-0.045382094885341416,-0.02109464498485671,0.09254371056950896,0.12266246138401836,-0.03553355423396668,-0.03301594754117954,-0.04447055339266506,-0.059393962947561114,0.11379352779212278,-0.027041054260748033,-0.04395527599861389,0.13141194892558977,-0.041568589516754566,-0.04201322858016789,-0.030984514920517663,-0.04406592666494794,-0.04773226195909635,,0.027104436677474333,0.024612741359092534,0.020422498939703573,0.007729460608578668,0.024612741359092534,0.025933202531559226,0.011293190080931844,0.013756359223688962
atom_CD1,-0.018682100184823153,-0.04247565838767885,-0.04617073808678778,0.1495447782588229,0.2154333781619075,-0.02813996248605684,0.06759731213481429,0.13129711857470985,0.17564475445956346,0.14543045201193117,0.19121980107485,-0.18249284518945816,-0.18381070989001239,0.10481133308835489,-0.12505934974962826,0.18785781518634329,-0.12666013005403,0.20079624570379073,0.17650106727749917,0.1670167336202796,0.1491966381512715,-0.11990976205444633,-0.20810392411255638,0.1914978647665335,-0.033000000561679496,0.07515215633105818,0.11897045879719965,0.17581649755500878,-0.1371203525557923,0.1572781115839229,-0.16038827906453687,-0.08500010479279825,0.1617443989118498,-0.15700427044781531,-0.06774099460209197,-0.06774045849342818,-0.06774019043832438,-0.06773938626990846,-0.06466717759613451,-0.04988157661123261,-0.032288149256417396,1.0,-0.029103207344828977,-0.022517366097659496,-0.02714670843187489,-0.017525655696380753,-0.02224944638911987,-0.019713735493928252,-0.015005385539795673,-0.020203712188420413,-0.015990805723854484,-0.009908971699908049,-0.012689219608797478,-0.013862256944372939,-0.007876954386406261,-0.015776289506234244,-0.014915572454770978,-0.01596183763198189,-0.014929640348976687,-0.009095492455194839,-0.008249820649722815,-0.019985307106637536,-0.019040582740293542,-0.007876954386406244,-0.027073123287778837,0.1340353101292654,-0.08045566257142467,-0.08518973474022343,-0.012294291628054786,,,-0.04006170302033556,-0.047945759640369665,-0.03673197356850181,-0.043818385180503114,-0.020367796628334628,-0.0378977805929905,-0.05027428720347336,-0.03430919110697928,-0.03187833241532338,0.13301023728503236,0.17761595041876505,-0.04706664256447893,-0.02610931324959528,0.08474796611933064,-0.03755468091344218,-0.04013627999009898,-0.0405655983324148,0.040511344520762896,0.07439228548111923,-0.04608757364208838,,0.03681030324154551,0.0006911669082545729,0.06087191863671517,0.04832550664736302,0.0006911669082545729,0.0035794131461536175,0.02065346251445989,0.021693836614712206
atom_CD2,-0.015818238517035954,-0.03965208161820071,-0.043101530252467636,0.08689271614976235,0.16640846550794994,-0.011389205604862363,0.06420817042264683,0.07090241435283977,0.12376517163785457,0.10435312489559745,0.15465911101566973,-0.1591980914652496,-0.16245435099539235,0.06413768192879554,-0.10945758051372324,0.18390781953320884,-0.17934645924539006,0.1488591328334616,0.10435764371001606,0.12711327339778686,0.04019698607792808,-0.06704693319960163,-0.15675609710965424,0.14083832362902945,-0.017063833324686476,0.1021800404886438,0.13012668816577674,0.11572111300085873,-0.08840057398050306,0.08321748915871106,-0.09314484416599479,-0.06201761052654426,0.08327655269221028,-0.12430393512889554,-0.06323790021909456,-0.06323739974834994,-0.06323714951225472,-0.06323639880107307,-0.06036841573253717,-0.04656569014141506,-0.030141788926044785,-0.029103207344828977,1.0,-0.021020520274980695,-0.025342126273398224,-0.01636063468970204,-0.020770410575605924,-0.018403261502631295,-0.014007899929554922,-0.018860666911247964,-0.014927814135708053,-0.00925027108493711,-0.011845701531145501,-0.012940761006078343,-0.007353332475317973,-0.0147275579209161,-0.013924057184958406,-0.014900771702775005,-0.013937189913453335,-0.008490868014319898,-0.007701412389012674,-0.018656780345212527,-0.01777485669522433,-0.0073533324753179505,-0.02527343271453686,0.12512528960606245,-0.07510735842659243,-0.07952673232563799,-0.011477026456522842,,,-0.03739859435321929,-0.04475855693994952,-0.03429020924507511,-0.040905550414238455,-0.019013843809515284,-0.035378519045109726,-0.04693229522881932,-0.03202848166852818,0.08207704925959869,-0.04008392447172203,0.19710643242485507,-0.04393787932438266,-0.024373692116059453,0.09609673723817515,-0.035058226976355196,-0.037468213805958904,-0.03786899313689544,0.04718853051070081,0.0850852326882954,-0.04302389417867282,,0.042799241529220204,0.019041147846976653,0.0577764747412018,0.0333326792944321,0.019041147846976653,0.005718845596185154,0.01103257669711741,0.011320995801112515
atom_CG1,-0.017331722300114503,-0.030679107898738654,-0.03334797173950121,0.21628046127366923,0.13211708327771768,-0.013005095225307028,-0.020217535607023995,0.23120631233091485,0.1496569099132293,0.1483692881697036,0.16113596431343577,-0.14076316206768202,-0.10342283591790512,0.1680397161048041,-0.09080641993397151,0.05111903383880311,-0.029404712299097278,0.14638481234979947,0.23365307986052,0.1600040526472909,0.30157663367962756,-0.08879880220020059,-0.13403290652419225,0.16267600417772088,-0.01887414381180818,-0.06408400607197993,-0.026147125402776018,0.2077533975109199,-0.16495749988877143,0.2563655535994602,-0.19775839552828672,-0.09883602536222873,0.20862308385221898,-0.12236866784900192,-0.048927629646073896,-0.048927242428167705,-0.048927048818652015,-0.04892646798787534,-0.04670748834240866,-0.03602821778647256,-0.023320924324402338,-0.022517366097659496,-0.021020520274980695,1.0,-0.019607389942629394,-0.012658343684706724,-0.016070219800454172,-0.014238739109947602,-0.01083801545430752,-0.014592637046996822,-0.011549759858042222,-0.007157002939716686,-0.009165106611791147,-0.010012362201307974,-0.005689327551520474,-0.011394820148188102,-0.010773145704649049,-0.011528836928300312,-0.010783306593512286,-0.006569447184979374,-0.005958639547103654,-0.014434888507622094,-0.01375253767729147,-0.005689327551520482,-0.019554241229667327,0.09681035910415034,-0.05811111697351285,-0.061530419142796715,-0.008879859988351885,,,-0.0289355681870881,-0.03463002550469234,-0.02653058771111447,-0.031648925947925684,-0.014711151142544242,-0.02737262102739609,-0.03631186284554332,-0.02478067240965384,-0.023024923848743634,0.2098966373952598,-0.041420633838754634,-0.0339950611827539,-0.018858105294929487,-0.030653879654863513,-0.027124808692321013,-0.028989433270972313,-0.02929951919422333,-0.021608227225507638,-0.030731046095807298,0.2622243330225455,,0.01268990070521145,-0.015664714770879246,0.030295562362697114,0.0405380201508137,-0.015664714770879246,0.016279558340559695,0.019992752971174272,0.020964180998713795
atom_CG2,-0.018611957516189694,-0.03698642165628878,-0.040203976863027374,0.21673456801722524,0.10397577215045635,-0.02595060970815663,-0.06500689150591848,0.22000133610207392,0.1252291752516702,0.1239729862641645,0.12402492250908292,-0.1147453596735002,-0.09594074435248703,0.13538709403890983,-0.043960889585337955,0.009724280586948828,-0.022915979027855856,0.1271712450388667,0.20440473326653852,0.16433969610876428,0.222702182963813,-0.10386096658937863,-0.10981633368580296,0.13525242285397723,-0.032322828384142285,-0.08417507263026959,-0.058474222648905214,0.19341977277263853,-0.13627116412436707,0.2356047779447854,-0.18827394410152365,-0.04044287799086054,0.16403813274943357,-0.08660626784518165,-0.05898665458935124,-0.058986187763370765,-0.05898595434969884,-0.058985254106001986,-0.056310074727095843,-0.043435254342253274,-0.02811547008875805,-0.02714670843187489,-0.025342126273398224,-0.019607389942629394,1.0,-0.015260770897839468,-0.019374094175448175,-0.017166079610681013,-0.013066201625989949,-0.017592735378058628,-0.013924273468068422,-0.00862841023270272,-0.011049359674584295,-0.012070802429307234,-0.006858995654496693,-0.013737479723646898,-0.012987995313031507,-0.013899048995954101,-0.013000245177700142,-0.007920058967632792,-0.007183675467828248,-0.017402555337223607,-0.016579920089438024,-0.00685899565449667,-0.023574395112023538,0.11671358809851184,-0.07005817386850578,-0.0741804499210129,-0.010705469235352257,,,-0.0348844278446561,-0.04174960789317135,-0.03198500774896613,-0.038155624470646216,-0.017735614770922073,-0.03300015458398421,-0.04377721395170796,-0.02987532759085022,-0.027758614914243647,0.16378557160954132,-0.049936296501436044,-0.04098410133980792,-0.022735140682029784,-0.03695600674107574,-0.032701394543536794,-0.03494936704405183,0.18109331094582695,-0.02605065981857903,-0.037049037820462864,0.2067414605748921,,0.049234719841929085,0.06184344858432287,0.03568959051806005,-0.005617491435994585,0.06184344858432287,0.03515625824564404,-0.0036787288652391096,-0.004542411951774966
atom_CE,0.03658034842991391,-0.023878080578939427,-0.025955303490839406,-0.03262977955667421,-0.07554244937228674,0.13091665558466586,0.04655149337661687,-0.0272830100872449,-0.07957091332903975,-0.13716850973726358,-0.10140916193857467,0.052821127802306876,0.08961549901496296,-0.10303380349859503,0.10008192939104467,-0.005297336381819355,-0.018138060547602804,-0.08403866216228924,-0.048160402741875226,-0.054613538341992694,-0.02570309271112048,0.09029787345581418,0.047276354596930775,0.0006188561654212216,0.09929323091958246,0.034794388482617344,0.03733825561195685,-0.052223550053642084,-0.01384469092141023,-0.0392975579540312,0.034623249816488476,-0.05060095875706838,-0.07598753478058375,-0.0518706745024106,-0.038081220845193706,-0.03808091946679911,-0.03808076877716092,-0.038080316706518666,-0.03635324644904939,-0.028041385370803914,-0.01815107896981237,-0.017525655696380753,-0.01636063468970204,-0.012658343684706724,-0.015260770897839468,1.0,-0.012507730165527205,-0.011082257050368778,-0.008435414979728878,-0.0113577019389708,-0.008989377965877964,-0.005570419239775168,-0.007133361077944459,-0.007792794765006043,-0.0044281020870486935,-0.008868785708470418,-0.00838492573100043,-0.008973093287589388,-0.008392834126635629,-0.005113114428222001,-0.004637712273649506,-0.011234923520939995,-0.010703838061626681,-0.004428102087048724,-0.015219404334805495,0.07534917779209917,-0.04522888795220704,-0.04789019000151661,-0.00691134869473446,,,-0.02252105344944096,-0.026953148122200746,-0.020649215526852536,-0.024632906749305756,-0.011449943510420064,-0.02130458462828456,-0.028262151228749154,-0.019287226165476075,-0.01792069667732493,-0.02413813195664723,-0.0322383960999465,0.2642050948905491,0.1713333235547196,-0.02385844500015763,-0.021111707999506894,-0.022562977576362622,-0.022804322816459888,-0.016818057179553977,-0.023918504976507982,-0.025908551836190674,,0.03316085838723851,0.030215553751980477,0.03050683069609008,0.013146715516617115,0.030215553751980477,0.027471554405884988,0.009830599889676063,0.011940353406904981
atom_CZ,0.011255014906044873,-0.03031407685510563,-0.032951185595413886,0.05221554340429811,0.006307546735456228,0.0909601508219134,0.01846692003861573,0.040898081761762344,-0.05642432143176149,-0.05312853639671653,0.02848155334536483,0.0012952604169881308,-0.01851370862314581,-0.08141880698175806,-0.07636044963913234,0.14459232215660173,-0.015615210450393163,0.018576450763937893,0.050485300391557714,0.075097119070625,-0.0031551389932247395,0.028184947797852872,-0.04180474019261747,0.036677742682514135,0.08252204841872393,0.16361293757399842,0.15320909085967505,0.066131870768848,-0.019053816828172192,0.042616302230524025,-0.04629104849293547,-0.03064705613232074,-0.043923486646376214,-0.04928077829811456,-0.04834547113706033,-0.04834508852641047,-0.04834489722053342,-0.048344323300693146,-0.04615174587195018,-0.03559954111235866,-0.02304344359149615,-0.02224944638911987,-0.020770410575605924,-0.016070219800454172,-0.019374094175448175,-0.012507730165527205,1.0,-0.014069321478428432,-0.010709060854151919,-0.014419008610726194,-0.011412336667361238,-0.007071846348430596,-0.009056056881839535,-0.009893231520075534,-0.005621633889091918,-0.011259240485818386,-0.010644962948072682,-0.011391662686150952,-0.010655002939030716,-0.006491281543072835,-0.005887741513832923,-0.01426313702012579,-0.013588905045028457,-0.005621633889091938,-0.01932157784496009,0.095658474683821,-0.05741969003418928,-0.060798308118279805,-0.008774204225167179,,,-0.02859128240510521,0.16089806683131228,-0.026214917250539916,-0.031272355660851806,-0.01453611258300413,-0.02704693175202481,-0.03587981126064799,-0.02448582306978741,-0.022750965035800753,-0.03064422137505711,-0.04092779626186031,-0.0335905757360863,-0.01863372478557854,0.14528219772976741,-0.026802067977107536,-0.02864450658287713,-0.028950902992451472,-0.02135112477776958,0.13108977364553315,-0.0328918326986283,,0.040710080323467034,0.015272632635055045,0.04917650308747631,0.0374489974131267,0.015272632635055045,0.031107810548700772,0.010525327869025316,0.012491412884898665
atom_OD1,0.02443064264715963,-0.02685926123341175,0.4481194929139699,-0.0865522058085892,-0.1185342374456617,-0.1013290194450506,-0.08310409602187996,-0.12340310062861513,-0.08228020128936173,-0.055014370755294965,-0.09961391952312694,0.0660741448661899,0.10062602512291449,-0.06357205946379782,0.08886997553393422,-0.09670150058899295,0.07808635332361841,-0.12009493154951198,-0.13434378630229588,-0.14852131097668927,-0.0810556676927288,0.07142781471549108,0.1605041309351756,-0.09229155864302288,-0.005951880780938243,-0.017953176359177776,-0.06769618551154401,-0.09860089495019861,0.17306703259111889,-0.11820331118398276,0.12060999929440716,0.12035185563622305,-0.08108479993061145,0.168556855749674,-0.042835664926535635,-0.04283532592101955,-0.042835156417766376,-0.042834647906059245,-0.04089195276101183,-0.03154235502854758,-0.02041724292313763,-0.019713735493928252,-0.018403261502631295,-0.014238739109947602,-0.017166079610681013,-0.011082257050368778,-0.014069321478428432,1.0,-0.009488577350417863,-0.012775712117292644,-0.01011170266861199,-0.006265886617063679,-0.00802396189389445,-0.008765725940144246,-0.004980951058065437,-0.009976054456280895,-0.009431784514133908,-0.010093384846673888,-0.009440680273724694,-0.005751487255850211,-0.005216731096603112,-0.012637604801974,-0.012040213272039198,-0.004980951058065414,-0.01711954842827639,-0.14707867258946283,-0.05087571895860658,0.23140975322959748,-0.007774231243310572,,,-0.025332809136414502,-0.03031825125490297,0.21060218528667815,0.2504423713062361,-0.01287947005779954,-0.02396446406605762,-0.031790683525067635,-0.02169523820534102,-0.020158097379299213,-0.027151780050611734,-0.03626336295046756,-0.02976234615319329,-0.016510088173212596,-0.026837174150731405,-0.02374750677164537,-0.025379967494608545,-0.0256514447111202,-0.01891779323429083,-0.026904732620899697,-0.029143237022217088,,0.01728263007769384,0.004594356598192227,0.01988859059186463,0.022694367239282136,0.004594356598192227,0.02226442960460092,0.02512511192274026,0.02935667442637554
atom_OD2,0.025267648157656288,-0.02044430241267722,0.3410924206192459,-0.06588042219992293,-0.09605463029445051,-0.14141074061002165,-0.0465290259464958,-0.10176733491699663,-0.06657841132968517,-0.046766536580688876,-0.07895168930378688,0.05997838425169902,0.12575802215489643,-0.04838876234831026,0.08285033080886542,-0.07872839128521573,0.08343722164669089,-0.12196138770395908,-0.11235808962235087,-0.12678662577591437,-0.06378575100011195,0.12703247951752586,0.140303002291329,-0.07935523649872388,-0.13502613262289043,-0.012390093217402927,-0.056570935157481,-0.10720692171156326,0.12178733641979844,-0.0951481757417339,0.05782080079596862,0.09704198912983004,-0.05585025111698697,0.13152333216060313,-0.03260496557205693,-0.03260470753326372,-0.032604578513493535,-0.03260419145269507,-0.031125481867353675,-0.024008904765017866,-0.015540870060659243,-0.015005385539795673,-0.014007899929554922,-0.01083801545430752,-0.013066201625989949,-0.008435414979728878,-0.010709060854151919,-0.009488577350417863,1.0,-0.00972441199307202,-0.007696663935306648,-0.004769367249887347,-0.00610755083995095,-0.006672154920033884,-0.003791320574638918,-0.007593413400955448,-0.0071791347208874055,-0.007682721068897463,-0.0071859058527397246,-0.004377824980346147,-0.00397078784921702,-0.009619289678082246,-0.009164576758369718,-0.003791320574638911,-0.013030783765593133,-0.11195098907388297,-0.03872476516808455,0.1761407707812942,-0.00591746486186354,,,-0.019282422046040103,-0.023077161054145222,-0.017679763053814822,0.3424449686583235,-0.009803388800922654,-0.018240887054436036,-0.02419792347392427,-0.016513634047138574,-0.015343617804868391,-0.02066695720233415,-0.027602365985327046,-0.02265402610961564,-0.012566884566924584,-0.02042749052072815,-0.018075746974853667,-0.01931831729006221,-0.01952495597101051,-0.01439954295471252,-0.020478913595349035,-0.02218278253407043,,0.04323942031602003,0.051217410553447015,0.03193549464207797,-0.0021536629195586265,0.051217410553447015,0.03074174556606861,0.009839629061089518,0.011990558930385557
atom_OE1,0.05612651008317225,-0.027526836997513005,0.45925731648595153,-0.09363056048079851,-0.0977566124740942,-0.1272357847802377,0.13160150098230455,-0.10567378228456471,-0.07698699142069906,-0.07873887993514457,-0.10630298057008163,0.09058645745723994,0.11062412759161744,-0.09631536480630437,0.004425147522109989,-0.05176135772540164,0.09113518191684548,-0.11869388454967573,-0.08183560080442646,-0.06518445951096236,-0.0900588042212614,0.08520144114901441,0.13184133557531855,-0.04977873681555367,-0.12492791161427608,0.03935526384497228,-0.007942058246475883,-0.11462771437759782,-0.03838519276294149,-0.09444350549516217,0.04738132960887083,-0.08375553790640611,-0.08196896227840124,0.0791500901046996,-0.043900327558008274,-0.04389998012664915,-0.04389980641046587,-0.043899285259911346,-0.041908305235224604,-0.03232632714069319,-0.020924705002114814,-0.020203712188420413,-0.018860666911247964,-0.014592637046996822,-0.017592735378058628,-0.0113577019389708,-0.014419008610726194,-0.012775712117292644,-0.00972441199307202,1.0,-0.010363024831821076,-0.00642162262222794,-0.008223394128679272,-0.008983594411713435,-0.005104750524463967,-0.010224005139603887,-0.009666207594469243,-0.01034425172803899,-0.009675324454464273,-0.005894438078889552,-0.005346390777770666,-0.012951707211894257,-0.012339467764006885,-0.005104750524463982,-0.017545047682473763,-0.1507342518097355,-0.052140213788261704,0.2371613463762069,-0.007967456526666375,,,-0.02596244556867252,-0.03107179877699665,-0.023804576253735193,-0.028397006477191906,-0.013199583928033746,0.18195493856157793,0.24098523318287618,-0.02223446432539171,-0.02065911850359121,-0.027826626248222575,-0.037164673750500914,-0.030502076885251514,-0.016920439546313976,-0.02750420094958269,-0.024337741173136397,-0.026010776028243598,-0.02628900069803066,-0.019387987115043023,-0.02757343855742153,-0.02986758005438225,,0.03195094601643147,0.03316404611955673,0.0239590943669457,0.005379598394559894,0.03316404611955673,0.028056760421990488,0.004683060444033634,0.005343967667577652
atom_OE2,0.05349869549755569,-0.021786902254119396,0.36349233530433256,-0.07410658439898495,-0.09098481365063636,-0.1442645018462913,0.13182116591016899,-0.09845080234069332,-0.05751221235061914,-0.0623201380129758,-0.08413653363845765,0.06803634201041552,0.13401668988523768,-0.07467560556874815,0.010686954755663848,-0.04563281389445683,0.07666758184281737,-0.1124895769151889,-0.09181447004326845,-0.1000571706700258,-0.0559799258315783,0.13617546906219005,0.12638078353021948,-0.046041421823854185,-0.1396132343821519,0.032353905272537536,-0.007402897129044996,-0.15410249414159222,-0.052935991454144085,-0.09594558982121937,0.05051796137627094,-0.09813075629917095,-0.04454248547003847,0.06447353195199222,-0.03474616954779384,-0.03474589456330891,-0.03474575707066948,-0.034745344591162394,-0.033169526519812094,-0.02558559596631023,-0.016561456102584513,-0.015990805723854484,-0.014927814135708053,-0.011549759858042222,-0.013924273468068422,-0.008989377965877964,-0.011412336667361238,-0.01011170266861199,-0.007696663935306648,-0.010363024831821076,1.0,-0.005082576846586116,-0.006508640425879532,-0.007110322677332386,-0.004040300769688804,-0.008092081216678405,-0.007650596399715226,-0.00818725381747002,-0.007657812199248788,-0.004665321565253613,-0.004231553857718336,-0.010250999018702812,-0.009766424601073442,-0.00404030076968881,-0.013886529677797615,-0.11930293374510027,-0.04126786311904284,0.1877081290676432,-0.006306071292393079,,,-0.020548719924981262,-0.02459266362042176,-0.018840812552770557,-0.022475622770754655,-0.010447188133569032,-0.019438786184113634,0.31807125696553135,-0.01759810257072857,-0.016351250074051457,-0.02202417902887553,-0.02941504374009749,-0.024141740938364326,-0.013392165708161577,-0.021768986306719605,-0.01926280117374398,-0.020586972449186718,-0.020807181319748104,-0.01534517678938945,-0.021823786391248733,-0.023639550278539704,,0.05958311051717357,0.07086864750368672,0.04422819582365554,-0.0030721145229960054,0.07086864750368672,0.04222504063534182,0.013058201690610912,0.014585624202469621
atom_ND1,0.003289687764637988,0.2412432476132423,0.10528453278049517,0.04046940483297458,-0.014619805086830006,0.04157991991039706,-0.017501104585651982,-0.005238256610297521,-0.017942723865466005,0.007791833858513734,0.02703244851460874,-0.025735923490008895,-0.014133715083386964,-0.043670369900283675,-0.07031968824950598,0.03343303113303496,-0.0891177818093699,-0.026961628611945305,-0.014303565714655924,0.010407351271246928,-0.05203192282830015,0.08860045873305694,0.039400184759693445,-0.02701461298823824,0.034431571508951014,0.03618039907812029,0.02375926146217816,-0.022854173890021888,0.00022165186237852597,-0.020998770926823392,0.00565396613678305,0.027130999731607427,-0.030694779783132297,0.005286313863651483,-0.021531048320829766,-0.02153087792206867,-0.021530792722440375,-0.021530537122578335,-0.02055405495258172,-0.0158545448386787,-0.010262584804276876,-0.009908971699908049,-0.00925027108493711,-0.007157002939716686,-0.00862841023270272,-0.005570419239775168,-0.007071846348430596,-0.006265886617063679,-0.004769367249887347,-0.00642162262222794,-0.005082576846586116,1.0,-0.004033188502109589,-0.004406031028304799,-0.0025036403216531053,-0.005014394218410291,-0.004740820726694599,-0.005073369521102727,-0.004745292118230812,-0.00289094496921481,-0.0026221535141421537,-0.006352203943080695,-0.006051929255632138,-0.0025036403216531066,-0.008605021658287302,-0.073928069330033,0.12316065001777213,-0.027077020435031567,-0.003907663131740225,,,-0.012733359889566592,-0.015239257611427826,-0.011675026362816247,-0.013927397644571942,-0.006473775827613252,-0.01204557078018864,-0.015979365426083764,-0.010904960222566883,0.31083720349015614,-0.013647652937542923,-0.018227526555298516,-0.01495983578788107,-0.008298680710296555,-0.01348951847543085,-0.011936518708800834,-0.012757063709520674,-0.012893519839633332,-0.00950889687248916,-0.013523476269437368,-0.014648644899685504,,0.013927571819107892,0.0064459719535236125,0.013434325362254702,0.007515173772241872,0.0064459719535236125,0.009137421402302406,0.0020732183092826545,0.002947255562478409
atom_ND2,0.00970547759704605,0.30893100119885186,-0.018792594794400548,-0.05571140728094445,-0.06942132865180745,0.01058590114644178,-0.07321791885709164,-0.07018878272008798,-0.0483037575944459,-0.0296426736078565,-0.06042866759700735,0.031108525054312445,0.00678984347302363,-0.040919683829994384,0.0392711772471292,-0.056203044909107325,0.02195808418077913,-0.04127496262223425,-0.07456214123434178,-0.07939858903876,-0.04970975385822382,-0.03971680115979297,0.0819280145445983,-0.04866669019078262,0.15006284916209095,-0.013059860595143987,-0.03762701388026843,-0.025545826178026566,0.12312697891802778,-0.06998025025250856,0.11770996309872807,0.07105845882277466,-0.059113006211529186,0.10469369169361019,-0.027572205151536907,-0.027571986942486634,-0.027571877837647217,-0.027571550521867473,-0.026321088105138335,-0.020302994836223616,-0.013142049072215483,-0.012689219608797478,-0.011845701531145501,-0.009165106611791147,-0.011049359674584295,-0.007133361077944459,-0.009056056881839535,-0.00802396189389445,-0.00610755083995095,-0.008223394128679272,-0.006508640425879532,-0.004033188502109589,1.0,-0.0056422701582500906,-0.0032061088501432636,-0.006421327194131294,-0.006070994766038487,-0.006496849719577763,-0.006076720735481225,-0.00370208299128109,-0.003357874338185364,-0.008134498036196045,-0.007749972621511743,-0.0032061088501432657,-0.01101940876079812,-0.09467072218925272,0.15771692387135722,-0.03467425975746872,-0.005004070769150891,,,-0.01630607139568843,-0.01951507102480216,0.3454543378981,-0.017835130893820265,-0.008290180420584808,-0.015425303207248104,-0.020462837440810445,-0.013964661448234656,-0.012975243815168612,-0.017476895737903033,-0.02334178503986496,-0.01915724934664224,-0.010627115021150603,-0.01727439208987322,-0.01528565343080865,-0.01633642600624489,-0.016511168840759104,-0.012176892245392113,-0.017317877722754754,-0.018758744876132785,,0.03886100583030981,0.05388229385650826,0.019612855695296624,-0.015018002880542966,0.05388229385650826,0.03079580854280329,-0.007406334098034205,-0.006287645169500071
atom_NE,0.02340489209319867,0.15930143583928527,-0.02052985019747485,0.001679949852392714,-0.1069462953929215,0.1796580848159717,0.05877128417650944,-0.05067134929181559,-0.18018743857652483,-0.1297706321864766,-0.0590927663045102,0.13610942963370048,0.1161776224478929,-0.0884108691534819,-0.03110016002782253,0.059957922891107185,0.09831801767433425,-0.08400006562070148,-0.020010119027701945,-0.005700124555239974,-0.038130305757737196,0.12533663346409832,0.057984500921601886,-0.02736682940650339,0.16393520145615448,0.10421318940378585,0.07550868619787676,-0.019777953536743564,0.0003100821317834951,-0.019016733200552756,-0.0037174849591399767,-0.03217230066043631,-0.11217868949283548,0.017379825431699508,-0.030121079476674598,-0.030120841095591534,-0.03012072190470506,-0.030120364330669877,-0.02875430464738483,-0.022179877079665965,-0.014356947600490342,-0.013862256944372939,-0.012940761006078343,-0.010012362201307974,-0.012070802429307234,-0.007792794765006043,-0.009893231520075534,-0.008765725940144246,-0.006672154920033884,-0.008983594411713435,-0.007110322677332386,-0.004406031028304799,-0.0056422701582500906,1.0,-0.003502493143195715,-0.007014937894779836,-0.006632219470488571,-0.0070974419955129086,-0.006638474769247218,-0.004044316927019865,-0.003668288381625575,-0.008886480443058044,-0.008466408108877466,-0.003502493143195717,-0.012038082744770072,-0.10342242600852969,0.1722968465030728,-0.03787967368621653,-0.00546666516211165,,,-0.01781346358633519,0.28912373165741106,-0.01633289711334859,-0.01948387487243613,-0.009056554669893179,-0.01685127400234275,-0.02235449611249412,-0.015255605238512484,-0.014174722262435284,-0.019092523163588726,-0.025499584035775368,-0.02092821473485105,-0.01160952395358164,-0.01887129934623049,-0.016698714495697542,-0.01784662428683231,-0.018037520980711586,-0.013302568187293782,-0.01891880494822612,-0.020492871070386137,,0.005974456865625711,0.0003582936214993522,0.00680124149989881,0.007851211383091639,0.0003582936214993522,0.006614885336689093,0.0045519418345231705,0.0060318968926530835
atom_NE1,-0.008460948413586387,0.09051990226630287,-0.011665682883686895,0.042735756907491186,0.0797769989424632,-0.0065564729796212815,0.0123699221489355,0.05494537572981068,0.03579823018873705,0.030788923743080756,0.049022590676358835,-0.02086410572300508,-0.07524329303044228,-0.032645251828718594,-0.07692434847529273,0.10712611689675375,-0.07687633520689474,0.04768880221820542,0.053169127780975385,0.08079944358740283,-0.007880282021257316,-0.027178639518206794,-0.05008426494298102,0.05865127028711146,-0.009737155724266202,0.10730575030060582,0.12150155176304024,0.03957475732381368,0.0014262960621416777,0.029058410418056443,-0.04380420753390734,-0.007351385707379885,0.00018918097349535602,-0.03227014941758821,-0.017115709949625035,-0.017115574494272638,-0.01711550676639913,-0.01711530358199853,-0.016339067081870585,-0.012603278149705834,-0.008158052605061313,-0.007876954386406261,-0.007353332475317973,-0.005689327551520474,-0.006858995654496693,-0.0044281020870486935,-0.005621633889091918,-0.004980951058065437,-0.003791320574638918,-0.005104750524463967,-0.004040300769688804,-0.0025036403216531053,-0.0032061088501432636,-0.003502493143195715,1.0,-0.003986100246329701,-0.0037686280422667444,-0.00403298157602753,-0.0037721824925408625,-0.002298103410299017,-0.002084432598111426,-0.0050495674251708434,-0.004810869597781952,-0.0019902227204674377,-0.00684040333842044,-0.058767755890667094,0.09790428833287465,-0.021524378244871186,-0.0031063247709593234,,,-0.010122149711734172,-0.012114166910883954,-0.009280846984439612,-0.011071328013645928,-0.005146208753668991,-0.009575404438247543,-0.012702501974664326,-0.00866869710199381,-0.008054506647021772,-0.010848950115733981,-0.01448963622072091,-0.011892045683241521,-0.006596883249041833,-0.010723244040200258,-0.009488715504412782,-0.010140992626439858,-0.010249465911578947,0.26329450778844055,-0.010750238162551728,-0.011644670223304003,,0.0019186766047980372,-0.015005237459161573,0.012419718273551936,0.015048054333161184,-0.015005237459161573,-0.0033843197982330844,0.008301454723365654,0.009445840232918896
atom_NE2,0.019126062889354745,0.38408862503922303,0.05230163076969107,-0.018620287030630255,-0.04152504168328871,0.010359860219722426,0.022991346954474523,-0.03812519277305846,-0.05108274294621351,-0.032210662177266945,-0.03307088809354584,0.030186670896148345,-0.003817748812529652,-0.07453457925161139,-0.049546275708146674,0.001408055469691783,-0.01783672266693255,-0.054184470136045264,-0.020213956369032803,0.02492313410806903,-0.0907806104190429,0.02642738272815521,0.06469884994742045,-0.03378186390679811,0.004077869533809033,0.04015665168593352,0.01237318726024921,-0.004264286176792152,0.0048883608643960266,-0.036305232981077525,0.012721333981760638,0.009875057100516907,-0.07860729369002094,0.03880214915973005,-0.03428005064191011,-0.034279779346334915,-0.03427964369815405,-0.03427923675204642,-0.032724558236651456,-0.0252423659022941,-0.016339284625877366,-0.015776289506234244,-0.0147275579209161,-0.011394820148188102,-0.013737479723646898,-0.008868785708470418,-0.011259240485818386,-0.009976054456280895,-0.007593413400955448,-0.010224005139603887,-0.008092081216678405,-0.005014394218410291,-0.006421327194131294,-0.007014937894779836,-0.003986100246329701,1.0,-0.007547963860082612,-0.008077422033384041,-0.007555082859864609,-0.004602736405165728,-0.004174787679459803,-0.010113482149678258,-0.009635408284492587,-0.0039861002463296965,-0.013700242265280696,-0.11770248818031454,0.19608675141078658,-0.04310991354968127,-0.006221475519982104,,,-0.020273059414099032,-0.024262753716432484,-0.01858806357216758,-0.022174112911356646,-0.010307039392981138,0.2437643594849933,-0.02544109547614863,-0.017362024510249388,0.18632396086825823,-0.02172872527482092,-0.0290204417398446,-0.023817880149713803,-0.013212510174658444,-0.021476955955991698,-0.01900439122743207,-0.020310798781747276,-0.020528053556386087,-0.015139321666112,-0.021531020898898707,-0.0233224263637353,,0.06002358706057718,0.0770793807366009,0.03723617022342906,-0.014036707607940537,0.0770793807366009,0.04419784862185345,-0.005798209844939906,-0.005984479340613295
atom_NZ,0.04477342302020332,0.5548614329567103,-0.02208979889312506,-0.03911424496735928,-0.1134398054498349,0.16116484742397025,0.023423325948253356,-0.03586691850375679,-0.11318567011192177,-0.186203444104359,-0.15296040830473343,0.10726185739457259,0.12500531134274284,-0.09512871749093435,0.17645636113752697,-0.03901733133763428,0.03723610199518522,-0.1296046045632567,-0.06760980285608355,-0.06717044656443055,-0.05221579538722177,0.1255253384908222,0.08705372698837492,-0.0022575811867824964,0.12488960056094216,0.027143094603330847,0.0308874091957079,-0.06282961651244813,0.01453655471852006,-0.059378003174389495,0.08012328872760596,-0.032892179397838076,-0.11139016602173238,-0.030411107577188633,-0.03240981213615501,-0.03240955564182427,-0.03240942739428776,-0.032409042650198575,-0.03093918371846931,-0.02386520210577695,-0.015447851891921422,-0.014915572454770978,-0.013924057184958406,-0.010773145704649049,-0.012987995313031507,-0.00838492573100043,-0.010644962948072682,-0.009431784514133908,-0.0071791347208874055,-0.009666207594469243,-0.007650596399715226,-0.004740820726694599,-0.006070994766038487,-0.006632219470488571,-0.0037686280422667444,-0.007547963860082612,1.0,-0.0076367369867989515,-0.007142895403484067,-0.004351621990350438,-0.00394702113520828,-0.009561714477536188,-0.009109723192000116,-0.0037686280422667444,-0.012952789442344228,-0.11128091873989555,0.18538872191286654,-0.040757938602424916,-0.005882046526669424,,,-0.019167009229348043,-0.022939035244423086,-0.017573942776278252,-0.020964345742953847,-0.009744711695321887,-0.01813170823089949,-0.024053089463985787,-0.016414793506535026,-0.015251780267816654,-0.020543257402721306,-0.02743715505911974,0.31690325976271877,-0.01249166686131406,-0.02030522402260252,-0.01796755657910387,-0.01920268962633575,-0.01940809149418266,-0.014313356073856575,-0.020356339310063688,-0.02205000992862745,,0.06905723273061554,0.08029862905374618,0.051193084650725786,-0.00044287057476109716,0.08029862905374618,0.0510781995797882,0.01371677285125599,0.01655816443781553
atom_OG,0.011169998777953712,0.18342926866900458,0.36283385195170226,-0.09830142544320203,-0.0384020236869232,-0.024293786901772557,-0.1027528009711248,-0.028401242656837283,-0.010458545069272884,0.012551452428320868,-0.0521017814965751,0.04242089726494947,0.013013585061411294,0.05547498843381163,0.15397536514064486,-0.11269048231992722,0.08875555918613656,-0.0005147466864809956,-0.04662461226609875,-0.041555628081423414,-0.04124487352559198,-0.05679295294647267,0.023877685979915995,-0.12937973205770104,-0.028276282817050497,-0.1041301244425259,-0.11687799958219582,-0.06489668035842669,0.12195051873472323,-0.020222807179913052,0.08897522620256898,0.07231213758507621,-0.024530621067426896,0.14647626753403492,-0.03468322523785181,-0.034682950751514965,-0.03468281350795112,-0.034682401775668066,-0.03310943837239714,-0.02553924646351606,-0.016531454250882857,-0.01596183763198189,-0.014900771702775005,-0.011528836928300312,-0.013899048995954101,-0.008973093287589388,-0.011391662686150952,-0.010093384846673888,-0.007682721068897463,-0.01034425172803899,-0.00818725381747002,-0.005073369521102727,-0.006496849719577763,-0.0070974419955129086,-0.00403298157602753,-0.008077422033384041,-0.0076367369867989515,1.0,-0.007643939714574854,-0.004656870117212311,-0.004223888200150505,-0.01023242885491719,-0.009748732266490702,-0.004032981576027521,-0.013861373580322373,-0.11908681090519486,-0.04119310445641756,0.18736808701961574,-0.0062946475495431016,,,-0.020511494958526274,-0.024548112860976988,-0.01880668154033694,-0.02243490712974368,-0.010428262564033163,-0.019403571914499294,-0.02574031333600667,-0.01756622278550339,-0.016321629020393514,-0.021984281199301167,-0.029361757013698402,-0.024098007046430784,-0.013367905174120632,-0.021729550770686636,-0.019227905709202055,0.39769100763494863,-0.02076948813839843,-0.015317378284503374,-0.02178425158230163,-0.023596726128454544,,0.02531594503561842,0.03943204649645486,0.009382328780498226,-0.015337485598502221,0.03943204649645486,0.02143885988656494,-0.011622100737200616,-0.012685304441876892
atom_OG1,-0.0002752892924220899,0.17156752711336726,0.33937063143778434,0.06461532851653533,-0.011404560763445107,-0.02701275702852353,-0.08614534457888384,0.04812437853124128,0.00041195951694369503,8.574126306679485e-05,-0.01891196479302236,0.005065863402162882,-0.01711159638346342,-0.008916222475574938,0.057073094725990654,-0.05902541346668597,0.002962596730196277,0.008781860165983845,0.01655046072525537,0.0549557410993546,-0.05226504366700527,-0.05315772282863315,0.003818693795064446,-0.0011178419762858155,-0.029644690218191255,-0.05486196559673152,-0.06557814616196057,0.035609113389076186,0.0027033401736700573,0.03843783901211244,-0.04135512531631222,0.07540448124681794,-0.018283734176180504,0.027935156348846746,-0.03244038004159401,-0.03244012330534597,-0.032439994936850305,-0.03243960982988396,-0.03096836457389513,-0.023887711006420797,-0.015462421815187607,-0.014929640348976687,-0.013937189913453335,-0.010783306593512286,-0.013000245177700142,-0.008392834126635629,-0.010655002939030716,-0.009440680273724694,-0.0071859058527397246,-0.009675324454464273,-0.007657812199248788,-0.004745292118230812,-0.006076720735481225,-0.006638474769247218,-0.0037721824925408625,-0.007555082859864609,-0.007142895403484067,-0.007643939714574854,1.0,-0.004355726301999893,-0.003950743840181875,-0.009570732782941396,-0.009118315193580884,-0.0037721824925408525,-0.012965006101952847,-0.11138587536806775,-0.038529287703059426,0.17525163559324172,-0.005887594286133766,,,-0.019185086943690137,-0.022960670613899326,-0.017590517960938887,-0.020984118648008917,-0.009753902597891311,-0.0181488094822227,-0.024075775574022833,-0.016430275418419904,-0.015266165262554423,-0.02056263315062835,-0.02746303291234112,-0.02253967159830306,-0.01250344860475009,-0.020324375264986816,-0.01798450300780196,-0.019220800993295352,0.36803698115422606,-0.014326855976699884,-0.020375538762764794,-0.022070806797663545,,0.005940606832152723,0.0146499786579659,-0.002960141183072748,-0.010550957114646538,0.0146499786579659,0.00750828039852591,-0.01664980924076586,-0.01781097356285726
atom_SD,0.012218266380025837,-0.012392283947192018,-0.013470324372626108,0.0016568061089467082,0.04134059859189483,-0.01358190504173411,0.05070094897003044,0.006567347207070436,0.03321461517142539,0.0426517891144813,0.05660621881985576,-0.07469894552517739,-0.033362306529170015,-0.041280182569340844,-0.09765246547054303,0.05380559092104815,-0.0957360482928595,0.05157254156222785,0.01863482266125727,0.00556506211844901,0.03638421403286884,-0.0329086531512479,-0.05219227175660095,0.004884167225332705,-0.014651862471616333,0.0221045977730272,0.020836582316389112,0.0030249632244072045,-0.050318526780089565,0.022105488000817575,-0.06504929865921577,-0.04293264275852652,0.03712977061335012,-0.04942866276390993,-0.019763452100318303,-0.019763295690481502,-0.019763217485335726,-0.019762982868999582,-0.018866665220831517,-0.014552962439289836,-0.009420075612786558,-0.009095492455194839,-0.008490868014319898,-0.006569447184979374,-0.007920058967632792,-0.005113114428222001,-0.006491281543072835,-0.005751487255850211,-0.004377824980346147,-0.005894438078889552,-0.004665321565253613,-0.00289094496921481,-0.00370208299128109,-0.004044316927019865,-0.002298103410299017,-0.004602736405165728,-0.004351621990350438,-0.004656870117212311,-0.004355726301999893,1.0,-0.002406887235782731,-0.005830718341711322,-0.005555094771789574,-0.0022981034102990128,-0.007898590483456846,-0.0678589279677342,-0.02347295965714494,-0.0248541263952016,0.7398142756301102,,,-0.011688011865641074,-0.0139881873543746,-0.010716562466131238,-0.012784024824479464,-0.005942309755231372,-0.01105668695680437,-0.014667535852694882,-0.010009715077647334,-0.009300511447004547,-0.012527245821650025,-0.0167311336919162,-0.013731704727835518,0.3483619951335127,-0.012382093443523664,-0.010956587539572096,-0.011709769715201965,-0.011835023448838055,-0.008728261860083407,-0.012413263464846455,-0.013446061125106348,,0.008982430173387497,-0.010756000280433635,0.018112651972753656,0.02611963236925998,-0.010756000280433635,0.01143527744876366,0.007096128906109058,0.006860798441267305
atom_SG,0.0001490902007070663,-0.0112400862854198,-0.012217893722103287,-0.027669848163794836,0.05149442967606959,0.0028524224452607257,-0.06962315996685535,0.052387338627651006,0.014960372463664539,0.07088512999531037,0.07606054476592433,-0.060528350336061694,-0.023325428172482076,-0.013597633637070887,-0.09057487648703225,-0.0009804938604170293,-0.05523770780415906,0.005340177533333255,0.013577878989750125,0.023133217978091935,-0.006878149392280263,-0.029745640292659983,-0.050749908846098306,-0.0249100166934935,-0.02918866666584686,-0.02695795968585044,0.09218974948264158,0.019676883842391496,0.031607133778360906,0.01799506149999465,0.004110742226895035,-0.004837548868124334,0.05943095489728509,0.18860467498696115,-0.01792590517227923,-0.017925763304964277,-0.017925692371100633,-0.01792547956869313,-0.01711249886654959,-0.013199871325023347,-0.00854422503181058,-0.008249820649722815,-0.007701412389012674,-0.005958639547103654,-0.007183675467828248,-0.004637712273649506,-0.005887741513832923,-0.005216731096603112,-0.00397078784921702,-0.005346390777770666,-0.004231553857718336,-0.0026221535141421537,-0.003357874338185364,-0.003668288381625575,-0.002084432598111426,-0.004174787679459803,-0.00394702113520828,-0.004223888200150505,-0.003950743840181875,-0.002406887235782731,1.0,-0.005288595512021457,-0.005038598600926261,-0.0020844325981114256,-0.007164203059385895,-0.061549606904085084,-0.02129051376201492,-0.022543263729370783,0.6710285471752949,,,-0.01060129532494948,-0.012687607345813727,-0.009720168397989335,-0.011595404262397371,0.40504237155657796,-0.010028669126285352,-0.013303792043608199,-0.009079041574956393,-0.008435777586144498,-0.011362499806658573,-0.015175522700368595,-0.01245497171017932,-0.006909155618024148,-0.011230843264438744,-0.009937876654807679,-0.010621030194445453,-0.010734638208887601,-0.007916734061868106,-0.011259115189991883,-0.01219588639909071,,0.015958235908443703,0.019898968258369686,0.009101405279499809,-0.0018809834780027567,0.019898968258369686,0.015637072722178565,-0.010941777752679552,-0.01155110550988457
atom_CE1,-0.007937342463879794,-0.027229267866177877,-0.029598020199469006,0.07704211614704226,0.07428815363726944,-0.003555758673126851,-0.02926273032142553,0.07812007771235818,0.054089852934673326,0.03545959924820127,0.08636773751876457,-0.10639539141502115,-0.10866957664815764,-0.05055453847895191,-0.09826041101603605,0.13539672059639982,-0.13052974681673937,0.06572030002483635,0.06283394552851704,0.09253865844580224,-0.0029488582828437536,-0.011799181852912052,-0.06712699229184221,0.0462775778099187,-0.005531548898059616,0.12701107711191062,0.12926993095589442,0.0757582298076751,-0.02125373618569106,0.05005538998959065,-0.045956138603409816,0.0020088112388644826,0.014138456679609954,-0.06417605105443373,-0.04342575860052463,-0.04342541492494602,-0.0434252430866622,-0.04342472756982194,-0.041455270330208724,-0.03197687481940146,-0.02069850588263429,-0.019985307106637536,-0.018656780345212527,-0.014434888507622094,-0.017402555337223607,-0.011234923520939995,-0.01426313702012579,-0.012637604801974,-0.009619289678082246,-0.012951707211894257,-0.010250999018702812,-0.006352203943080695,-0.008134498036196045,-0.008886480443058044,-0.0050495674251708434,-0.010113482149678258,-0.009561714477536188,-0.01023242885491719,-0.009570732782941396,-0.005830718341711322,-0.005288595512021457,1.0,-0.012206076313910054,-0.005049567425170805,-0.017355383152596326,0.08592411516555903,-0.0515765704562653,-0.05461137495547287,-0.007881327157069268,,,-0.02568178773733898,-0.03073590809068356,-0.02354724530509408,-0.02809003068659573,-0.013056894496486447,-0.0242945926789815,-0.03222862422873224,-0.021994106516188584,0.14023784292640135,-0.027525816351269813,-0.0367629181951754,-0.03017234497586041,-0.016737527121684827,0.1676648101853219,-0.024074646633789068,-0.025729595737575568,-0.02600481275801605,-0.019178400140532768,0.15192837156573835,-0.02954470714847215,,0.018026739605216398,-0.02418035558581734,0.04177903493893639,0.04954843645653683,-0.02418035558581734,-0.001227390081516948,0.014506928007064433,0.016456005644158826
atom_CE2,-0.013915533411225381,-0.025942114624366398,-0.028198893794816635,0.07737299994946036,0.11886148042196638,-0.028286715844840223,-0.01632970725062328,0.10758841719931278,0.08106913893651656,0.04594022346571532,0.09682644274307582,-0.10674789780452586,-0.13792368560973153,-0.04371111353225201,-0.0982255410670378,0.16912630391244438,-0.12217089944485185,0.10295977652419323,0.09557860357416674,0.12528743871925607,0.02092552609285503,-0.070215475396879,-0.11196251995606006,0.08718069427494102,-0.027934466798529827,0.15896801473672734,0.17378149604489637,0.10794030329517651,-0.02180308722622781,0.07562951314980877,-0.06943492354987976,-0.015201766503634133,0.031010605586975708,-0.08352825067701115,-0.041372981925237626,-0.0413726544955323,-0.04137249078020247,-0.04137199963233328,-0.039495640498882705,-0.030465297707264527,-0.019720067935700542,-0.019040582740293542,-0.01777485669522433,-0.01375253767729147,-0.016579920089438024,-0.010703838061626681,-0.013588905045028457,-0.012040213272039198,-0.009164576758369718,-0.012339467764006885,-0.009766424601073442,-0.006051929255632138,-0.007749972621511743,-0.008466408108877466,-0.004810869597781952,-0.009635408284492587,-0.009109723192000116,-0.009748732266490702,-0.009118315193580884,-0.005555094771789574,-0.005038598600926261,-0.012206076313910054,1.0,-0.004810869597781945,-0.01653497777858851,0.08186240098622159,-0.04913849719661608,-0.05202984361724051,-0.007508769369255947,,,-0.024467785344614912,-0.02928299264935183,-0.02243414475170734,-0.026762188372270297,-0.012439682746184828,-0.02314616430849075,-0.030705146683944782,-0.020954424302102568,-0.01946977127473623,-0.026224644982133085,-0.0350251002866688,-0.028746069695907078,-0.015946328386542374,0.17838089572014013,-0.022936615320849577,-0.024513333415470927,-0.024775540667094892,0.09480580594427149,0.16188951052474854,-0.028148100902157226,,0.017780650756441616,-0.035701963941645716,0.045008378608762244,0.05919438981031521,-0.035701963941645716,0.009280488590326803,0.017518286484262215,0.01951692128924592
atom_CE3,-0.009235738478490229,-0.010732069305348937,-0.011665682883686869,0.042735756907491124,0.07977699894246293,-0.00655647297962127,0.012369922148935501,0.05494537572981057,0.035798230188737006,0.030788923743080888,0.049022590676358675,-0.02086410572300496,-0.07524329303044212,-0.03264525182871863,-0.0769243484752927,0.10712611689675372,-0.07687633520689446,0.047688802218205546,0.05316912778097564,0.08079944358740282,-0.007880282021257347,-0.027178639518206912,-0.05008426494298092,0.05865127028711143,-0.009737155724266231,0.10730575030060581,0.1215015517630401,0.03957475732381373,0.0014262960621416743,0.029058410418056412,-0.043804207533907076,-0.007351385707379855,0.0001891809734953558,-0.032270149417588226,-0.01711570994962499,-0.01711557449427262,-0.01711550676639913,-0.017115303581998455,-0.016339067081870506,-0.012603278149705877,-0.008158052605061333,-0.007876954386406244,-0.0073533324753179505,-0.005689327551520482,-0.00685899565449667,-0.004428102087048724,-0.005621633889091938,-0.004980951058065414,-0.003791320574638911,-0.005104750524463982,-0.00404030076968881,-0.0025036403216531066,-0.0032061088501432657,-0.003502493143195717,-0.0019902227204674377,-0.0039861002463296965,-0.0037686280422667444,-0.004032981576027521,-0.0037721824925408525,-0.0022981034102990128,-0.0020844325981114256,-0.005049567425170805,-0.004810869597781945,1.0,-0.006840403338420442,0.03386589619263996,-0.020328248684069974,-0.021524378244871148,-0.003106324770959321,,,-0.010122149711734158,-0.012114166910883965,-0.009280846984439596,-0.011071328013645902,-0.005146208753668993,-0.009575404438247578,-0.012702501974664332,-0.00866869710199381,-0.008054506647021722,-0.01084895011573399,-0.014489636220720907,-0.011892045683241448,-0.006596883249041839,-0.010723244040200221,-0.009488715504412736,-0.01014099262643981,-0.010249465911578954,0.26329450778844016,-0.010750238162551695,-0.01164467022330405,,0.005619429495558147,-0.014687663184602507,0.018394122863955035,0.021460146221034974,-0.014687663184602507,-0.009944437072761292,0.0066111256290342126,0.007231860030229198
atom_OTHER,0.02167647814792534,0.402814974450166,0.02498549975761329,0.05987252916930304,-0.023699934198129477,0.17229307510062217,0.055370997832164336,0.030269884846147573,-0.14664058392723384,-0.11586353057227237,-0.008532843751044523,0.1171164373980495,0.019070395954561316,-0.14055928040748725,-0.10519067956557429,0.19324318463235965,0.026577971391779216,-0.028970167140029472,0.06192605088041201,0.11552282173518927,-0.04372124356804947,0.08694762546020801,-0.009545390480311135,0.03861800890584745,0.15157489494209578,0.25188656568364526,0.23250643444770516,0.049354024429644656,0.01807939912003311,0.022903262851668535,-0.05320272689625337,-0.018837680365732707,-0.13652775167021725,-0.02856345285856422,-0.05882676259034371,-0.058826297029761186,-0.05882606424879014,-0.0588253659032064,-0.056157437991291415,-0.04331751669985797,-0.028039258973771207,-0.027073123287778837,-0.02527343271453686,-0.019554241229667327,-0.023574395112023538,-0.015219404334805495,-0.01932157784496009,-0.01711954842827639,-0.013030783765593133,-0.017545047682473763,-0.013886529677797615,-0.008605021658287302,-0.01101940876079812,-0.012038082744770072,-0.00684040333842044,-0.013700242265280696,-0.012952789442344228,-0.013861373580322373,-0.012965006101952847,-0.007898590483456846,-0.007164203059385895,-0.017355383152596326,-0.01653497777858851,-0.006840403338420442,1.0,-0.11939284830113116,0.14650725170343934,0.007558499829560773,-0.010676450487157482,,,-0.03432438415775794,0.28154644484178476,-0.03166126295548765,-0.03782472679817806,-0.017012818331152514,-0.03250755990876622,-0.043187449812203224,-0.029321019400885343,-0.02727786189210158,-0.03697908660315984,-0.04947916714630585,-0.04037446421443654,-0.02238770142131474,-0.036647821533988094,-0.032148177662359334,-0.03447193409107339,-0.035065005835614914,0.21572809589848488,0.09689218296372082,-0.03973263808832011,,0.0849273746837179,0.07565715680558259,0.07976739814330361,0.029585534976488477,0.07565715680558259,0.06352574663055,0.006493156329181914,0.008577935490588627
element_C,-0.031145054211200764,-0.31689901971888584,-0.34446697696495726,0.15665944310995053,0.17154704203777194,0.017455672512141595,0.03727590833889469,0.1583963076015269,0.1377887952881535,0.0918113469007182,0.1379099809259077,-0.1437784802653617,-0.1480822480510757,0.05786480241226027,-0.10380427323037938,0.1553423525709221,-0.1338698714434724,0.14817191585358372,0.1462080442817811,0.13678562429097516,0.12598945511128368,-0.0887591321043696,-0.17108689063013482,0.18743708565889453,-0.005383367569280154,0.073497052036361,0.11072949647657714,0.1459742801830631,-0.12608026593056654,0.1343990382885041,-0.13965980368116476,-0.06711655967204702,0.11682711763359761,-0.17881218159976636,-0.5053966341911136,0.29124090642689243,0.2912397539603391,-0.5053846348740227,0.2780277523659464,0.2144590678799074,0.13881851504146775,0.1340353101292654,0.12512528960606245,0.09681035910415034,0.11671358809851184,0.07534917779209917,0.095658474683821,-0.14707867258946283,-0.11195098907388297,-0.1507342518097355,-0.11930293374510027,-0.073928069330033,-0.09467072218925272,-0.10342242600852969,-0.058767755890667094,-0.11770248818031454,-0.11128091873989555,-0.11908681090519486,-0.11138587536806775,-0.0678589279677342,-0.061549606904085084,0.08592411516555903,0.08186240098622159,0.03386589619263996,-0.11939284830113116,1.0,-0.6002572194882366,-0.6355768092606878,-0.09172427486606724,,,-0.016772208847093455,-0.04965267787497488,-0.05783099993781278,-0.06892076204167731,-0.03222722148524148,-0.03494408134251584,-0.0461041937338432,-0.05430540803060313,-0.01302002891723935,0.05756333429366695,0.0766692978845316,0.01700481535644113,-0.0031863409494743665,0.09124944802931116,0.03442371921575157,-0.06320870267122011,-0.03023470366369116,0.05285550398875362,0.05757446149817438,0.04270095774716917,,-0.04922518969514466,-0.13006593606959382,0.024173405655129536,0.10969261850148922,-0.13006593606959382,-0.03870103464734227,0.09531440164412339,0.10218685939675928
element_N,0.006159496196709985,0.4090440506009252,-0.08359211482793823,-0.060790479938161696,-0.11294522823580845,0.14255619474330503,0.00015034796857135124,-0.08450909165557988,-0.1320378787819443,-0.09834575896017114,-0.08081332727366895,0.11556514356871997,0.08877030303403805,-0.05275844999800914,0.028637194455209087,-0.03581593121835469,0.06584169415657062,-0.09001303923519006,-0.06443447248205046,-0.05082810551454084,-0.07052430748155349,0.08066691540998075,0.08665685770543384,-0.08641356885598642,0.14755786304079568,0.004297695060712417,-0.013726905858120964,-0.0512017626245237,0.051065945103506066,-0.06335468739709835,0.07041573722896029,0.016500202082413082,-0.10040207167259055,0.044968633790253,0.8419667732143867,-0.17481945669303184,-0.1748187649166755,-0.1748166895795948,-0.16688816557573605,-0.1287306037796226,-0.08332681585227489,-0.08045566257142467,-0.07510735842659243,-0.05811111697351285,-0.07005817386850578,-0.04522888795220704,-0.05741969003418928,-0.05087571895860658,-0.03872476516808455,-0.052140213788261704,-0.04126786311904284,0.12316065001777213,0.15771692387135722,0.1722968465030728,0.09790428833287465,0.19608675141078658,0.18538872191286654,-0.04119310445641756,-0.038529287703059426,-0.02347295965714494,-0.02129051376201492,-0.0515765704562653,-0.04913849719661608,-0.020328248684069974,0.14650725170343934,-0.6002572194882366,1.0,-0.219851230333106,-0.0317281788556367,,,0.017152589329459143,0.13561976285997354,0.04282335069431675,-0.03021579720117795,-0.001603600057915056,0.028380991141445,-0.04435528839001568,0.04016135741124751,0.060993840559646996,-0.029792070117377053,-0.039639786225315346,0.03445212074003457,-0.01800248254355447,-0.051355831520472454,-0.015932857263212252,-0.0028859442961536794,-0.017230285489214292,-0.012916799424162281,-0.056365856510008694,-0.019804932310380042,,0.0026425355009782737,0.04546131847897033,-0.032561649744098545,-0.06202960131645969,0.04546131847897033,0.003131557099100963,-0.06218439228384405,-0.06673684932981706
element_O,0.030764706885269156,-0.0014415905374423924,0.5076901897869074,-0.13108661129144655,-0.11376352870210064,-0.15747497662622567,-0.0443757978925074,-0.12053807910694016,-0.04839712833541535,-0.032204124904085696,-0.10828103397027755,0.0825229678665254,0.10379363179580729,-0.013300865391731951,0.12373340999084385,-0.16356894686961104,0.12039994044471211,-0.10295389397067926,-0.12185507141193135,-0.12280100862395883,-0.09099759883899973,0.039312774382485136,0.1398777733647698,-0.1450084709448023,-0.1302357630917041,-0.09427378654979997,-0.13673858536368722,-0.13300245893603022,0.10875255163720607,-0.10934661110277195,0.11201660133765244,0.07289293518150995,-0.05891480942369138,0.16069996651524415,-0.18510743099077598,-0.1851059660329879,-0.18510523355197306,0.7951590232846081,-0.17670799173466137,-0.13630521008012841,-0.08822982885635879,-0.08518973474022343,-0.07952673232563799,-0.061530419142796715,-0.0741804499210129,-0.04789019000151661,-0.060798308118279805,0.23140975322959748,0.1761407707812942,0.2371613463762069,0.1877081290676432,-0.027077020435031567,-0.03467425975746872,-0.03787967368621653,-0.021524378244871186,-0.04310991354968127,-0.040757938602424916,0.18736808701961574,0.17525163559324172,-0.0248541263952016,-0.022543263729370783,-0.05461137495547287,-0.05202984361724051,-0.021524378244871148,0.007558499829560773,-0.6355768092606878,-0.219851230333106,1.0,-0.033595088948550185,,,0.0068989954624518275,-0.06630452902687758,0.03244118940899382,0.11699927867675255,-0.006267664433435281,0.018283544858127436,0.10300557157711063,0.030500125212817128,-0.04055690306072072,-0.03911254601147081,-0.0521226474196755,-0.050853866840750495,-0.02363049312629911,-0.059809262114576205,-0.02437623299417402,0.08336463231960058,0.05664865936082636,-0.05049807515926514,-0.013533718914789225,-0.03023272991147406,,0.05494500472832979,0.11526166079116243,-0.0018151836835484268,-0.07838149787513071,0.11526166079116243,0.041239566700853554,-0.05696287405000253,-0.060927102270225526
element_S,0.009159343811019184,-0.016750533688523903,-0.01820771079492034,-0.01738822434565767,0.06529743793112038,-0.008150934404902723,-0.009251983493606059,0.040116139690923557,0.034691968211743356,0.07931591580456854,0.09314428653307269,-0.09610857933246343,-0.04042959057198739,-0.03975518284788086,-0.1333427878909173,0.039233587144095916,-0.10814658187859931,0.041830559662116705,0.0229518595639152,0.01969045635053842,0.022348772032303336,-0.044412839470444075,-0.07284231032884138,-0.013138499426627898,-0.03050190117159129,-0.0017485754255586131,0.07747541412750039,0.015481674663446828,-0.016042156038389734,0.028497065905512285,-0.04546397844459881,-0.03508647271489434,0.06751518642044464,0.09024762060896736,-0.026714072371046775,-0.026713860953344253,-0.026713755244183554,-0.02671343811548825,-0.025501893978408286,-0.019671102489736032,-0.012733027630162843,-0.012294291628054786,-0.011477026456522842,-0.008879859988351885,-0.010705469235352257,-0.00691134869473446,-0.008774204225167179,-0.007774231243310572,-0.00591746486186354,-0.007967456526666375,-0.006306071292393079,-0.003907663131740225,-0.005004070769150891,-0.00546666516211165,-0.0031063247709593234,-0.006221475519982104,-0.005882046526669424,-0.0062946475495431016,-0.005887594286133766,0.7398142756301102,0.6710285471752949,-0.007881327157069268,-0.007508769369255947,-0.003106324770959321,-0.010676450487157482,-0.09172427486606724,-0.0317281788556367,-0.033595088948550185,1.0,,,-0.015798575738061614,-0.018907701317956473,-0.014485476719144996,-0.01728004614886836,0.26811198289009625,-0.014945219795045902,-0.019825970295318684,-0.01353003775051736,-0.012571413871519832,-0.01693296038520213,-0.022615316090874703,-0.01856101616333374,0.25363873899199246,-0.0167367592805338,-0.014809916353993313,-0.01582798561872642,-0.015997289912739056,-0.011797909485660132,-0.01677889150526835,-0.018174914391391604,,0.017396786169609754,0.0054134257447411,0.019552874509784435,0.01810042433402549,0.0054134257447411,0.01899932690741374,-0.0021004625149802373,-0.0026849081368669446
element_P,,,,,,,,,,,,,,,,,,,,,,,,,,,,,,,,,,,,,,,,,,,,,,,,,,,,,,,,,,,,,,,,,,,,,,,,,,,,,,,,,,,,,,,,,,,,,,,,,,,,
element_OTHER,,,,,,,,,,,,,,,,,,,,,,,,,,,,,,,,,,,,,,,,,,,,,,,,,,,,,,,,,,,,,,,,,,,,,,,,,,,,,,,,,,,,,,,,,,,,,,,,,,,,
residue_ALA,-0.031626003894005696,-0.05458264098197192,-0.059330941921192294,-0.25404856917897334,-0.019639214181199106,-0.013776155038906402,0.33025105124061954,-0.19654388326082406,0.14208757037114628,0.15659056264688626,0.029271914261192685,0.019785318457183374,-0.05714222559037085,0.3076556861982617,0.11426372559782245,-0.2768809284238108,-0.2375505505851309,0.10642124923834233,-0.06320997369678819,-0.08673314582305035,-0.003350481152539338,-0.15928989603432098,-0.03115498351147688,-0.22105642744430953,-0.024859183697760502,-0.3917907420127097,-0.3439729009368905,-0.11589270845844998,-0.18348374224909,-0.16578629622560978,-0.08258285637982297,-0.17288630172604105,0.1385284875999423,-0.2177118411229451,0.0489510427362598,0.04892800052586298,0.0489287449844205,0.048930978390978756,0.05599132195532555,-0.06409949347778178,-0.04149135118165686,-0.04006170302033556,-0.03739859435321929,-0.0289355681870881,-0.0348844278446561,-0.02252105344944096,-0.02859128240510521,-0.025332809136414502,-0.019282422046040103,-0.02596244556867252,-0.020548719924981262,-0.012733359889566592,-0.01630607139568843,-0.01781346358633519,-0.010122149711734172,-0.020273059414099032,-0.019167009229348043,-0.020511494958526274,-0.019185086943690137,-0.011688011865641074,-0.01060129532494948,-0.02568178773733898,-0.024467785344614912,-0.010122149711734158,-0.03432438415775794,-0.016772208847093455,0.017152589329459143,0.0068989954624518275,-0.015798575738061614,,,1.0,-0.061611903956199074,-0.047201813978950784,-0.05630808979786749,-0.026173299559275918,-0.048699914978145756,-0.06460413971706018,-0.044088457522702726,-0.04096472284074409,-0.05517708955749029,-0.07369339400378146,-0.06048220912495054,-0.03355134035548783,-0.05453775622904327,-0.048259020420159296,-0.05157646153607244,-0.05212814995798101,-0.03844421137666771,-0.05467504666642613,-0.05922407282957769,,-0.020944655544012696,-0.0013810891514851225,-0.03052065026981864,-0.028510909984837206,-0.0013810891514851225,-0.012801480320419797,-0.013355908403309824,-0.013935281109345471
residue_ARG,0.03796294696158018,0.2091862806266917,-0.07100714313482977,0.005810487581777673,-0.36989801833231495,0.6213882332870914,0.203273815814419,-0.17525835392806483,-0.6232191233268471,-0.4488411637555999,-0.20438573466714777,0.47076533238361934,0.40182665664245154,-0.3057890427972111,-0.10756695705862157,0.207378074941816,0.34005516292528154,-0.2905332783966433,-0.06920953500769994,-0.01971517357832841,-0.13188231052204683,0.43350517353104984,0.20055254748270637,-0.09465438637506562,0.5670070751936831,0.36044495139286836,0.2611639167944214,-0.068406538001442,0.0010724893802591812,-0.06577368482185363,-0.012857764867066575,-0.11127519860097818,-0.38799544004831443,0.060112068048059596,-0.02860866949846269,-0.028607400392954323,-0.028606765835268756,-0.02860486214250639,-0.022111356409158088,0.016382212074942407,0.08753543411708102,-0.047945759640369665,-0.04475855693994952,-0.03463002550469234,-0.04174960789317135,-0.026953148122200746,0.16089806683131228,-0.03031825125490297,-0.023077161054145222,-0.03107179877699665,-0.02459266362042176,-0.015239257611427826,-0.01951507102480216,0.28912373165741106,-0.012114166910883954,-0.024262753716432484,-0.022939035244423086,-0.024548112860976988,-0.022960670613899326,-0.0139881873543746,-0.012687607345813727,-0.03073590809068356,-0.02928299264935183,-0.012114166910883965,0.28154644484178476,-0.04965267787497488,0.13561976285997354,-0.06630452902687758,-0.018907701317956473,,,-0.061611903956199074,1.0,-0.05649102901280314,-0.06738940024308132,-0.03132414837749986,-0.058283953052703764,-0.07731809486667361,-0.05276497073090208,-0.04902649181088631,-0.06603582159838757,-0.08819609476398901,-0.07238497723751947,-0.04015417166563669,-0.06527066885187963,-0.057756291398050746,-0.06172659775980663,-0.062386857271490695,-0.04600994913504868,-0.06543497775078684,-0.07087924243682443,,0.02244289957805397,0.025693696925951658,0.012953780939469244,0.0007036198605216098,0.025693696925951658,0.023994248060976504,0.004498855976740647,0.005795190528618954
residue_ASN,0.009278429639150213,0.06692110395047782,0.055836541828885033,-0.16126996007610092,-0.20095659841528635,0.03064341646670563,-0.21194673456002075,-0.20317817731612342,-0.1398267507316534,-0.08580779094630975,-0.17492519551117444,0.09005104768285514,0.019654821862523108,-0.11845178751833309,0.11367979191134392,-0.16269312248637532,0.06356291345009865,-0.11948022674536132,-0.21583790693731406,-0.22983815899332918,-0.1438967423616093,-0.11496975664409402,0.2371601845936762,-0.14087734572069016,0.43439271909316013,-0.03780488233149964,-0.10892036877929173,-0.07394848862937786,0.3564204162761163,-0.2025745303367701,0.3407395715883201,0.20569566228383546,-0.1711166997386604,0.3030608685669173,-0.0015961176937934458,-0.0015950258562970696,-0.00159447993276857,-0.001592842143061376,0.004384926226165429,0.03980392968374584,-0.03804279648701657,-0.03673197356850181,-0.03429020924507511,-0.02653058771111447,-0.03198500774896613,-0.020649215526852536,-0.026214917250539916,0.21060218528667815,-0.017679763053814822,-0.023804576253735193,-0.018840812552770557,-0.011675026362816247,0.3454543378981,-0.01633289711334859,-0.009280846984439612,-0.01858806357216758,-0.017573942776278252,-0.01880668154033694,-0.017590517960938887,-0.010716562466131238,-0.009720168397989335,-0.02354724530509408,-0.02243414475170734,-0.009280846984439596,-0.03166126295548765,-0.05783099993781278,0.04282335069431675,0.03244118940899382,-0.014485476719144996,,,-0.047201813978950784,-0.05649102901280314,1.0,-0.05162804150133398,-0.023997905109616687,-0.04465222032267017,-0.05923456502331325,-0.0404240442693556,-0.0375599388738776,-0.050591044374317,-0.06756836571190947,-0.05545522879580411,-0.030762719859909776,-0.050004849251508374,-0.04424797072693762,-0.04728968264125129,-0.04779551746612993,-0.035248919783383036,-0.05013072879074099,-0.0543016625301921,,-0.0070436850462700165,0.013883124972110732,-0.022685546366138606,-0.028507193972510083,0.013883124972110732,0.000788506324423514,-0.013530702677497005,-0.011059721555580581
residue_ASP,0.02667977859778232,-0.059700986388496045,0.197367307652038,-0.19238250881022456,-0.2804965442207925,-0.4129444248051252,-0.13587300210249068,-0.29717865418119166,-0.19442076077372908,-0.1365665752483306,-0.23055292537400626,0.17514751198330525,0.3672357127850685,-0.14130376199683747,0.24193764952502872,-0.22990085558469278,0.24365147478613644,-0.3561488673108299,-0.3281055349201428,-0.37023941765786406,-0.18626569766822648,0.3709573541560058,0.40970963259011944,-0.23173135470388798,-0.39430023793872165,-0.03618126809088935,-0.16519715672601215,-0.31306321167922196,0.3556406067139932,-0.27784953627591996,0.16884698590406674,0.2833798070096475,-0.1630926316009524,0.3840714397875602,-0.0017169350699396272,-0.001715631491982559,-0.00170365780723773,-0.001701702300401584,0.005229475143721493,0.04711544443965877,-0.045382094885341416,-0.043818385180503114,-0.040905550414238455,-0.031648925947925684,-0.038155624470646216,-0.024632906749305756,-0.031272355660851806,0.2504423713062361,0.3424449686583235,-0.028397006477191906,-0.022475622770754655,-0.013927397644571942,-0.017835130893820265,-0.01948387487243613,-0.011071328013645928,-0.022174112911356646,-0.020964345742953847,-0.02243490712974368,-0.020984118648008917,-0.012784024824479464,-0.011595404262397371,-0.02809003068659573,-0.026762188372270297,-0.011071328013645902,-0.03782472679817806,-0.06892076204167731,-0.03021579720117795,0.11699927867675255,-0.01728004614886836,,,-0.05630808979786749,-0.06738940024308132,-0.05162804150133398,1.0,-0.028627632753175567,-0.0532666230311481,-0.07066222514155109,-0.04822273812881407,-0.04480608333941757,-0.06035117783539467,-0.0806038006441506,-0.06615377121285568,-0.036697530164221635,-0.05965189268442608,-0.05278438473099576,-0.05641291027212841,-0.05701633184306416,-0.042049217458584615,-0.05980205717602864,-0.06477765645377848,,0.004049961063288516,0.005021780633604705,-0.00043785526289449287,-0.000673563238979277,0.005021780633604705,0.00928839263152111,0.02407848020521728,0.028267137720920953
residue_CYS,-0.011518373711766101,-0.027750396192440553,-0.030164482977793176,-0.06831346571831515,0.1271334390971916,0.007042281611918273,-0.1718910535193947,0.12933792192240084,0.03693532705275241,0.17500670293554768,0.18778416804548267,-0.14943708260310926,-0.05758762492635357,-0.03357089181759873,-0.2236182751423099,-0.0024207192364812413,-0.1363751342652951,0.013184244188604357,0.033522120013197806,0.057113081501056526,-0.016981308315590284,-0.07343834221182767,-0.12529530836752514,-0.061499779881703645,-0.0720632425533054,-0.06655590026853488,0.22760519875577356,0.048579815901167334,0.07803414160572013,0.04442760255140651,0.010148919015799219,-0.011943315583339189,0.14672774768943467,0.4656418395491783,0.01323897145609369,0.01326290953782012,0.01326325386802058,0.013241037033641554,0.01717432571983967,-0.03258886539276415,-0.02109464498485671,-0.020367796628334628,-0.019013843809515284,-0.014711151142544242,-0.017735614770922073,-0.011449943510420064,-0.01453611258300413,-0.01287947005779954,-0.009803388800922654,-0.013199583928033746,-0.010447188133569032,-0.006473775827613252,-0.008290180420584808,-0.009056554669893179,-0.005146208753668991,-0.010307039392981138,-0.009744711695321887,-0.010428262564033163,-0.009753902597891311,-0.005942309755231372,0.40504237155657796,-0.013056894496486447,-0.012439682746184828,-0.005146208753668993,-0.017012818331152514,-0.03222722148524148,-0.001603600057915056,-0.006267664433435281,0.26811198289009625,,,-0.026173299559275918,-0.03132414837749986,-0.023997905109616687,-0.028627632753175567,1.0,-0.02475955561820621,-0.032845432917254634,-0.02241504151791849,-0.020826901525699066,-0.02805262018142026,-0.03746650663250232,-0.030749799489654207,-0.017057858888867496,-0.027727576305855425,-0.024535400127685212,-0.02622202253465238,-0.02650250680597585,-0.01954544664412177,-0.02779737622689507,-0.030110149593045896,,-0.006774477864268293,0.0036040977209452585,-0.014104162114884832,-0.014687753920004407,0.0036040977209452585,-0.0013351536774832906,-0.023227199897115254,-0.02422219453049899
residue_GLN,0.029123115386611893,0.05416599084259553,0.04359095476956856,-0.17563061702757238,-0.12851333275650578,-0.06312496780088939,0.1353839032483022,-0.13852951114079387,-0.15819847828534128,-0.1476970552782957,-0.1994013276597254,0.18467350911053546,0.02027863069081147,-0.18693698697919767,-0.020652201476692316,-0.07829448734204085,0.15267017016154882,-0.14790628672303327,-0.04452454068692789,0.07303624874481987,-0.23058661307318712,-0.11719559905530581,0.15852280783273912,-0.0666051941187269,-0.07017882506393383,0.06896570996594988,-0.010396497937985768,0.040385107695377585,0.018891264170690928,-0.09174000325601915,0.03642161077070163,-0.028795836936705527,-0.23570024440207554,0.14110206762366428,-0.009673511077688626,-0.009685331066356929,-0.009684791466287396,-0.009683172647943394,-0.004203791857693228,0.02876422565931304,0.09254371056950896,-0.0378977805929905,-0.035378519045109726,-0.02737262102739609,-0.03300015458398421,-0.02130458462828456,-0.02704693175202481,-0.02396446406605762,-0.018240887054436036,0.18195493856157793,-0.019438786184113634,-0.01204557078018864,-0.015425303207248104,-0.01685127400234275,-0.009575404438247543,0.2437643594849933,-0.01813170823089949,-0.019403571914499294,-0.0181488094822227,-0.01105668695680437,-0.010028669126285352,-0.0242945926789815,-0.02314616430849075,-0.009575404438247578,-0.03250755990876622,-0.03494408134251584,0.028380991141445,0.018283544858127436,-0.014945219795045902,,,-0.048699914978145756,-0.058283953052703764,-0.04465222032267017,-0.0532666230311481,-0.02475955561820621,1.0,-0.06111456398029189,-0.0417070310024177,-0.03875202403360546,-0.05219671347341276,-0.06971286457019815,-0.05721527839276419,-0.031739073467434306,-0.05159191356775758,-0.04565232203402565,-0.04879057243434242,-0.04931246155020539,-0.036367657338078674,-0.05172178829801222,-0.05602510000084846,,0.003799939030758275,0.024447480539960827,-0.014408535554138523,-0.025835032914899008,0.024447480539960827,0.01101754992729956,-0.012523356337723725,-0.016958323072783277
residue_GLU,0.08166689333498524,-0.0684969225511592,0.1896876042310924,-0.23298736612034457,-0.2860516681659753,-0.45356032237118366,0.4144391013754992,-0.3095243602956648,-0.18081549681445191,-0.1959313727606905,-0.26452102098486563,0.21390283001203853,0.421341718091058,-0.2347763399974402,0.03359924709204874,-0.143467266831353,0.24103901300054859,-0.3536615599547257,-0.288660066046833,-0.31457470135654775,-0.1759980652311623,0.42812881101340333,0.3973348133871667,-0.144751909566109,-0.43893697190401765,0.10171904742729729,-0.023274335441906015,-0.4844904742785353,-0.16642808897340047,-0.3016480984058684,0.15882592428571274,-0.3085181516725501,-0.1400393292213295,0.2027015347664108,-0.012900071880816367,-0.012888591450012884,-0.012887875747939112,-0.01288572861766332,-0.005084702316631624,0.03818733729799178,0.12266246138401836,-0.05027428720347336,-0.04693229522881932,-0.03631186284554332,-0.04377721395170796,-0.028262151228749154,-0.03587981126064799,-0.031790683525067635,-0.02419792347392427,0.24098523318287618,0.31807125696553135,-0.015979365426083764,-0.020462837440810445,-0.02235449611249412,-0.012702501974664326,-0.02544109547614863,-0.024053089463985787,-0.02574031333600667,-0.024075775574022833,-0.014667535852694882,-0.013303792043608199,-0.03222862422873224,-0.030705146683944782,-0.012702501974664332,-0.043187449812203224,-0.0461041937338432,-0.04435528839001568,0.10300557157711063,-0.019825970295318684,,,-0.06460413971706018,-0.07731809486667361,-0.05923456502331325,-0.07066222514155109,-0.032845432917254634,-0.06111456398029189,1.0,-0.055327547476682136,-0.05140750607283803,-0.06924290877142092,-0.09247941489816118,-0.07590041668235585,-0.04210429397464583,-0.06844059571556815,-0.06056127597795222,-0.06472440372509661,-0.06541672931484971,-0.04824446237546276,-0.0686128844192097,-0.07432155456002511,,0.020159275501505515,0.02672327587578376,0.008591013204036818,-0.006442799286741822,0.02672327587578376,0.020573055561558962,0.027737263516579198,0.02846436743468544
residue_GLY,-0.015407728213157433,-0.046745048747015044,-0.05081153499385163,-0.4853155796877712,-0.07503195385385676,-0.015741456093432266,-0.3811278013147986,-0.33996158764227713,0.09645612851533124,0.13410552059341815,-0.009195990794303506,0.0575980961159325,-0.0008688709357694098,0.2905237049017059,0.10618165393194176,-0.3579805347020666,0.269619060991535,0.033359303800481487,-0.1969932130687603,-0.24476398267836097,-0.06291849651202576,-0.13641725319760145,0.037141141512795926,-0.5435630450100155,-0.025881365680919057,-0.4332795890733125,-0.38819974729145806,-0.13949224769487215,0.332911493406183,-0.165372011039743,0.4611590594063737,0.27544002543084095,0.09721647142585142,0.07478736140692552,0.07066064707741566,0.07066209138619653,0.07064867825914843,0.07065084465379932,-0.07116712215436302,-0.05489536404564138,-0.03553355423396668,-0.03430919110697928,-0.03202848166852818,-0.02478067240965384,-0.02987532759085022,-0.019287226165476075,-0.02448582306978741,-0.02169523820534102,-0.016513634047138574,-0.02223446432539171,-0.01759810257072857,-0.010904960222566883,-0.013964661448234656,-0.015255605238512484,-0.00866869710199381,-0.017362024510249388,-0.016414793506535026,-0.01756622278550339,-0.016430275418419904,-0.010009715077647334,-0.009079041574956393,-0.021994106516188584,-0.020954424302102568,-0.00866869710199381,-0.029321019400885343,-0.05430540803060313,0.04016135741124751,0.030500125212817128,-0.01353003775051736,,,-0.044088457522702726,-0.05276497073090208,-0.0404240442693556,-0.04822273812881407,-0.02241504151791849,-0.0417070310024177,-0.055327547476682136,1.0,-0.03508254513978372,-0.04725413968032946,-0.06311166394783947,-0.051797490246151955,-0.028733659863819247,-0.04670660905399661,-0.041329445066036204,-0.04417053050801434,-0.04464300127365458,-0.03292395718698253,-0.046824185779345016,-0.050720011373759366,,-0.028365367198626548,-0.015395468757699258,-0.03382029969102152,-0.019389280973811193,-0.015395468757699258,-0.013206442074318935,-0.01630687814162356,-0.01214683865584568
residue_HIS,-0.0027361693777347004,0.11953756842082022,0.02953188617995346,0.13019485563045594,-0.047033639868957464,0.13376751380957796,-0.05630312069838012,-0.016852090262944847,-0.0577238620860088,0.025067249901313125,0.08696657996881502,-0.08279550581797092,-0.04546983091049089,-0.14049273835288797,-0.2262267433239643,0.10755801029492092,-0.28670243075388036,-0.08673874397663847,-0.046016260454193304,0.03348167836536536,-0.1673928417965149,0.2850381413107288,0.12675504835746576,-0.08690920097373472,0.11077043263272655,0.11639661749583996,0.07643635058932738,-0.07352457695993732,0.000713080222990575,-0.06755552646544873,0.01818947691363525,0.08728363087485311,-0.09874873225754692,0.017006696123553617,-0.014985296256199255,-0.014969291238730852,-0.01496885741439626,-0.014967555927488203,-0.010081522084454758,0.017607946748118,-0.03301594754117954,-0.03187833241532338,0.08207704925959869,-0.023024923848743634,-0.027758614914243647,-0.01792069667732493,-0.022750965035800753,-0.020158097379299213,-0.015343617804868391,-0.02065911850359121,-0.016351250074051457,0.31083720349015614,-0.012975243815168612,-0.014174722262435284,-0.008054506647021772,0.18632396086825823,-0.015251780267816654,-0.016321629020393514,-0.015266165262554423,-0.009300511447004547,-0.008435777586144498,0.14023784292640135,-0.01946977127473623,-0.008054506647021722,-0.02727786189210158,-0.01302002891723935,0.060993840559646996,-0.04055690306072072,-0.012571413871519832,,,-0.04096472284074409,-0.04902649181088631,-0.0375599388738776,-0.04480608333941757,-0.020826901525699066,-0.03875202403360546,-0.05140750607283803,-0.03508254513978372,1.0,-0.043906111573209186,-0.058640105980353026,-0.04812755879897136,-0.026697836092711733,-0.04339737432961136,-0.038401190638620734,-0.04104098082945409,-0.0414799763183498,-0.030591244438314354,-0.0435066205640528,-0.047126420953500926,,0.016113156657475997,0.013928263911535142,0.009895849876872352,-0.0012078679349518983,0.013928263911535142,0.011852193423281998,-0.008991544783671417,-0.008607312289583918
residue_ILE,-0.03135691912260851,-0.05850183667131073,-0.06359107971662749,0.4895086581282379,0.32911877976077514,-0.023402031941442157,0.010123213920339188,0.380067263878179,0.32369264664503355,0.30190430554807546,0.33155210979526917,-0.2508837184391961,-0.217655494802978,0.183077539165788,-0.2734569694872458,0.15891479256924282,0.07430258018335781,0.3157782527929049,0.44555188374010574,0.30866443564014134,0.5689955466000729,-0.16932998964868892,-0.2907654363710805,0.3049371097955778,-0.034689383941987624,-0.05293034820414728,0.028715295647518742,0.36051662309422616,-0.3261328928661775,0.43594367785246435,-0.42879249517730544,-0.10834230935026065,0.4433632954310687,-0.2333441977458029,-0.001889128077025834,-0.001910906441039019,-0.0019102684140546158,-0.0018968269038949761,0.004764125549324598,-0.0687020274337668,-0.04447055339266506,0.13301023728503236,-0.04008392447172203,0.2098966373952598,0.16378557160954132,-0.02413813195664723,-0.03064422137505711,-0.027151780050611734,-0.02066695720233415,-0.027826626248222575,-0.02202417902887553,-0.013647652937542923,-0.017476895737903033,-0.019092523163588726,-0.010848950115733981,-0.02172872527482092,-0.020543257402721306,-0.021984281199301167,-0.02056263315062835,-0.012527245821650025,-0.011362499806658573,-0.027525816351269813,-0.026224644982133085,-0.01084895011573399,-0.03697908660315984,0.05756333429366695,-0.029792070117377053,-0.03911254601147081,-0.01693296038520213,,,-0.05517708955749029,-0.06603582159838757,-0.050591044374317,-0.06035117783539467,-0.02805262018142026,-0.05219671347341276,-0.06924290877142092,-0.04725413968032946,-0.043906111573209186,1.0,-0.07898479850376235,-0.06482501132396272,-0.03596042621369015,-0.058453729059853625,-0.05172416137706312,-0.055279804615246515,-0.05587110590392222,-0.041204619902104396,-0.05860087735828131,-0.06347653710692093,,-0.006348177408431351,-0.0066951583001822485,0.0039206569637213525,0.009074687444612477,-0.0066951583001822485,-0.0074464379589266735,-0.011243596039290036,-0.012020898357727133
residue_LEU,-0.026825843208302568,-0.07813385835206271,-0.08493094743246059,0.09435903034008514,0.4081766146259103,-0.03125527595204023,0.35794042463110454,0.005545682473378646,0.33592906118669597,0.3136866072864861,0.35690453042907133,-0.349847404494247,-0.290696233966665,0.4780731299864926,-0.08691320768706093,0.26423799177924495,-0.296119909171481,0.3963312001517669,0.20222460117407814,0.17756983760560224,0.1959467791904111,-0.22615367617089216,-0.42389991941607,0.40726777651304064,-0.046330432777211064,-0.07069269213450291,0.028255985696863776,0.22926618374267652,-0.3263616604418353,0.17772225011783255,-0.21607606820940709,-0.2706920727663169,0.32361524150299775,-0.3116497452273271,-0.002353962327660218,-0.002352256894835642,-0.0023694214861603446,-0.002357854706532801,0.006487899378793557,0.06207718272784512,-0.059393962947561114,0.17761595041876505,0.19710643242485507,-0.041420633838754634,-0.049936296501436044,-0.0322383960999465,-0.04092779626186031,-0.03626336295046756,-0.027602365985327046,-0.037164673750500914,-0.02941504374009749,-0.018227526555298516,-0.02334178503986496,-0.025499584035775368,-0.01448963622072091,-0.0290204417398446,-0.02743715505911974,-0.029361757013698402,-0.02746303291234112,-0.0167311336919162,-0.015175522700368595,-0.0367629181951754,-0.0350251002866688,-0.014489636220720907,-0.04947916714630585,0.0766692978845316,-0.039639786225315346,-0.0521226474196755,-0.022615316090874703,,,-0.07369339400378146,-0.08819609476398901,-0.06756836571190947,-0.0806038006441506,-0.03746650663250232,-0.06971286457019815,-0.09247941489816118,-0.06311166394783947,-0.058640105980353026,-0.07898479850376235,1.0,-0.08657896128825268,-0.048028010878466386,-0.0780696068086375,-0.06908173364061981,-0.0738305781373057,-0.07462030806309769,-0.055032048873436434,-0.07826613507099886,-0.08477796666208902,,-0.011442746301378212,-0.01732229173039354,0.0018957725825346145,0.014296110943282321,-0.01732229173039354,-0.011081504280551682,0.0025650612734480814,-0.0021442206674201648
residue_LYS,0.053848126032220014,0.1297197714756122,-0.06970518040635462,-0.12342645196091064,-0.3579635171148695,0.5085616586734989,0.07391317453089978,-0.11317939276045692,-0.35716158362228945,-0.5875718799603992,-0.4826722464743732,0.3384687726938497,0.39445890028502306,-0.3001821993316018,0.5568145978354583,-0.12312063740476265,0.1174999020933574,-0.40897214077345834,-0.2133452426671384,-0.2119588375793921,-0.16476888065560952,0.396099865254774,0.27470126704771874,-0.007123881238939875,0.3940937706177389,0.08565104260414233,0.09746636629371826,-0.19826118721368413,0.045870638028154886,-0.18736949319753995,0.25283201184991166,-0.10379249308595334,-0.3514958038145328,-0.09596337885560655,-0.011484064024311853,-0.011482720526023801,-0.011482048771220985,-0.011490668122067579,-0.004127980037016652,0.0357394248195866,0.11379352779212278,-0.04706664256447893,-0.04393787932438266,-0.0339950611827539,-0.04098410133980792,0.2642050948905491,-0.0335905757360863,-0.02976234615319329,-0.02265402610961564,-0.030502076885251514,-0.024141740938364326,-0.01495983578788107,-0.01915724934664224,-0.02092821473485105,-0.011892045683241521,-0.023817880149713803,0.31690325976271877,-0.024098007046430784,-0.02253967159830306,-0.013731704727835518,-0.01245497171017932,-0.03017234497586041,-0.028746069695907078,-0.011892045683241448,-0.04037446421443654,0.01700481535644113,0.03445212074003457,-0.050853866840750495,-0.01856101616333374,,,-0.06048220912495054,-0.07238497723751947,-0.05545522879580411,-0.06615377121285568,-0.030749799489654207,-0.05721527839276419,-0.07590041668235585,-0.051797490246151955,-0.04812755879897136,-0.06482501132396272,-0.08657896128825268,1.0,-0.03941791848612305,-0.06407388815692767,-0.056697291762025405,-0.06059479994214165,-0.061242953160890935,-0.045166326419531305,-0.06423518434396921,-0.0695796248518748,,0.02051044390204069,0.029379319947009607,0.007418493102056807,-0.00741014382740838,0.029379319947009607,0.02286233252659786,0.02421842242139741,0.028118259064044922
residue_MET,0.004412134003557838,-0.03557300773421969,-0.038667605998365724,0.004755989838419945,0.11867137968380308,-0.03898790692288157,0.14554098804780832,0.018852077146227948,0.09534511696288174,0.12243525330062292,0.16249252102877013,-0.21442908976493463,-0.09576907640681222,-0.11849795082703436,-0.2803189407418562,0.15445310244140167,-0.2748177172890885,0.14804296186920365,0.05349269702659857,0.015974940424590123,0.1044436951824357,-0.09446682936419708,-0.14982194523429687,0.014020379069940742,-0.04205930232429915,0.06345295434582855,0.05981301808885088,0.008683390457814062,-0.1444432156291999,0.06345550981342224,-0.18672903349943362,-0.12324146536729026,0.10658387290244627,-0.14188879227474252,-0.0010211354157972884,-0.001020358663840639,-0.0010199702844589105,-0.001018805132699502,0.0029689125043057384,0.02810616719782114,-0.027041054260748033,-0.02610931324959528,-0.024373692116059453,-0.018858105294929487,-0.022735140682029784,0.1713333235547196,-0.01863372478557854,-0.016510088173212596,-0.012566884566924584,-0.016920439546313976,-0.013392165708161577,-0.008298680710296555,-0.010627115021150603,-0.01160952395358164,-0.006596883249041833,-0.013212510174658444,-0.01249166686131406,-0.013367905174120632,-0.01250344860475009,0.3483619951335127,-0.006909155618024148,-0.016737527121684827,-0.015946328386542374,-0.006596883249041839,-0.02238770142131474,-0.0031863409494743665,-0.01800248254355447,-0.02363049312629911,0.25363873899199246,,,-0.03355134035548783,-0.04015417166563669,-0.030762719859909776,-0.036697530164221635,-0.017057858888867496,-0.031739073467434306,-0.04210429397464583,-0.028733659863819247,-0.026697836092711733,-0.03596042621369015,-0.048028010878466386,-0.03941791848612305,1.0,-0.03554375510674798,-0.031451730362761554,-0.033613797942322506,-0.033973348454105344,-0.025055149476733533,-0.03563323105922976,-0.03859795647327543,,0.00451132695573557,-0.005027038726949998,0.012232174998183644,0.016056659848721955,-0.005027038726949998,0.00626397677431548,-0.0049486728094490185,-0.007528147657508146
residue_PHE,-0.036334480750367285,-0.05782397971547681,-0.06285425403443513,0.16039527076345472,0.3229824167507895,-0.06825296164953307,0.010005916902643176,0.18988379872365138,0.27758786473484415,0.2321478600867268,0.32771043718063647,-0.4644382052356129,-0.2983786180537141,-0.014194812226580318,-0.3114818651546022,0.38479508879704655,-0.4142067593048838,0.3133732953741467,0.12115599691076312,0.11280483897824058,0.10256655823699369,-0.1650305591152188,-0.28739635627417554,0.21484422096471004,-0.049055452695118705,0.24132946327529634,0.30429057328069964,0.2194495488197989,-0.23479267294418488,0.20497622652189124,-0.18814258415670607,-0.2162785513571387,0.3057391414253956,-0.2306404537858462,-0.026586081663152673,-0.02658496569950204,-0.026584407713374884,-0.02658273373779919,-0.02031755306907884,0.01533527558025479,-0.04395527599861389,0.08474796611933064,0.09609673723817515,-0.030653879654863513,-0.03695600674107574,-0.02385844500015763,0.14528219772976741,-0.026837174150731405,-0.02042749052072815,-0.02750420094958269,-0.021768986306719605,-0.01348951847543085,-0.01727439208987322,-0.01887129934623049,-0.010723244040200258,-0.021476955955991698,-0.02030522402260252,-0.021729550770686636,-0.020324375264986816,-0.012382093443523664,-0.011230843264438744,0.1676648101853219,0.17838089572014013,-0.010723244040200221,-0.036647821533988094,0.09124944802931116,-0.051355831520472454,-0.059809262114576205,-0.0167367592805338,,,-0.05453775622904327,-0.06527066885187963,-0.050004849251508374,-0.05965189268442608,-0.027727576305855425,-0.05159191356775758,-0.06844059571556815,-0.04670660905399661,-0.04339737432961136,-0.058453729059853625,-0.0780696068086375,-0.06407388815692767,-0.03554375510674798,1.0,-0.05112483690164212,-0.054639281134143056,-0.05522373105345703,-0.04072718466584066,-0.057921872824483425,-0.06274103862245232,,0.009305737481144997,-0.03746339720969577,0.03940750446028185,0.04665325626474976,-0.03746339720969577,-0.022947343684784738,-0.0032612734892956668,-0.004246410331047209
residue_PRO,-0.0035345496546081443,-0.0511669128107265,-0.055618069731410195,0.08010931354633685,0.06586385995265046,0.06154507663854099,-0.41718071758057906,0.07408517253765763,0.03456929673967693,-0.029099445062755285,-0.16009009151710615,0.14043693247334219,-0.00095106208263668,-0.13097248779489198,-0.056916177104508865,-0.22438831983792284,0.208822240983773,-0.10218369676418508,-0.3215582739211599,-0.3447577730691438,-0.20658922565790333,-0.13446741048323765,-0.03696757391849536,0.07665471551220278,-0.004204406134367815,-0.16857164216612402,-0.16684711918613032,-0.26280586229036274,0.34056317028494687,-0.3302073208696231,0.2631054270239254,0.6152413972201383,-0.10460878943850777,-0.05338451774447907,0.009770048683510802,0.009758225286027425,0.009758816939534789,0.00976059192185966,0.015433651423776618,0.05508058366767957,0.13141194892558977,-0.03755468091344218,-0.035058226976355196,-0.027124808692321013,-0.032701394543536794,-0.021111707999506894,-0.026802067977107536,-0.02374750677164537,-0.018075746974853667,-0.024337741173136397,-0.01926280117374398,-0.011936518708800834,-0.01528565343080865,-0.016698714495697542,-0.009488715504412782,-0.01900439122743207,-0.01796755657910387,-0.019227905709202055,-0.01798450300780196,-0.010956587539572096,-0.009937876654807679,-0.024074646633789068,-0.022936615320849577,-0.009488715504412736,-0.032148177662359334,0.03442371921575157,-0.015932857263212252,-0.02437623299417402,-0.014809916353993313,,,-0.048259020420159296,-0.057756291398050746,-0.04424797072693762,-0.05278438473099576,-0.024535400127685212,-0.04565232203402565,-0.06056127597795222,-0.041329445066036204,-0.038401190638620734,-0.05172416137706312,-0.06908173364061981,-0.056697291762025405,-0.031451730362761554,-0.05112483690164212,1.0,-0.0483488571279213,-0.048866021429147956,-0.036038410311379825,-0.051253535838022626,-0.05551788840279835,,-0.009174931634739045,-0.010594564151493806,-0.007194289325190559,0.00411064444513056,-0.010594564151493806,0.00319592689311447,0.023059173885334218,0.026380352150625914
residue_SER,0.0046295503070975874,0.03043337831349122,0.10088713667946951,-0.24718040779396963,-0.09656246419877368,-0.06108709132309859,-0.25837345828406405,-0.07141535038907282,-0.026298168348006634,0.03156081527456163,-0.131010710567533,0.10666798205275646,0.03272285470773378,0.139492689974854,0.3871733637034492,-0.2833619069993142,0.22317718400011852,-0.0012943382590975007,-0.11723828643592972,-0.10449224972057634,-0.10371085273179699,-0.14280673149793557,0.06004079931782762,-0.32532727563318375,-0.07110113699881992,-0.26183675879870083,-0.2938914819252347,-0.16318367554841834,0.3066464073702574,-0.05085055178938177,0.22372954000568918,0.1818299539009241,-0.06168261438272615,0.36831677036176313,0.02639761301937761,0.026398971613145843,0.026399650916643085,0.02638944363825195,0.03374135348389706,-0.06421881806027183,-0.041568589516754566,-0.04013627999009898,-0.037468213805958904,-0.028989433270972313,-0.03494936704405183,-0.022562977576362622,-0.02864450658287713,-0.025379967494608545,-0.01931831729006221,-0.026010776028243598,-0.020586972449186718,-0.012757063709520674,-0.01633642600624489,-0.01784662428683231,-0.010140992626439858,-0.020310798781747276,-0.01920268962633575,0.39769100763494863,-0.019220800993295352,-0.011709769715201965,-0.010621030194445453,-0.025729595737575568,-0.024513333415470927,-0.01014099262643981,-0.03447193409107339,-0.06320870267122011,-0.0028859442961536794,0.08336463231960058,-0.01582798561872642,,,-0.05157646153607244,-0.06172659775980663,-0.04728968264125129,-0.05641291027212841,-0.02622202253465238,-0.04879057243434242,-0.06472440372509661,-0.04417053050801434,-0.04104098082945409,-0.055279804615246515,-0.0738305781373057,-0.06059479994214165,-0.033613797942322506,-0.054639281134143056,-0.0483488571279213,1.0,-0.052225189254119626,-0.03851577730055935,-0.054776827144901036,-0.05933432155979926,,-0.012892894652612296,0.008865581450286176,-0.02802267588185375,-0.030422429237162013,0.008865581450286176,-0.002978157029976464,-0.016037102510049115,-0.018493125956021643
residue_THR,-0.01320717799213561,0.018560530115111874,0.07898927229353056,0.17556748866347793,-0.03098754024032734,-0.07339685523940331,-0.23406708833639533,0.13075962741655978,0.0011193427237983227,0.0002329691510833816,-0.05138604477656265,0.013764549927225608,-0.04649423090527152,-0.02422643085379949,0.15507434754790814,-0.16037902843778135,0.008049725657745114,0.023861352569631848,0.04496955896483552,0.14932124735672658,-0.1420103042446835,-0.14443581909056333,0.010375842620728699,-0.003037308839943458,-0.08054812895492794,-0.14906644822668283,-0.17818357806407148,0.09675417203292457,0.0073452949352857694,0.10444015406158814,-0.11236676593372355,0.2048828925026394,-0.04967906789920735,0.07590312327103388,0.010530762909981187,0.010519912744927938,0.010532680089425844,0.010534597304194064,0.017089850276628397,-0.06490573564511126,-0.04201322858016789,-0.0405655983324148,-0.03786899313689544,-0.02929951919422333,0.18109331094582695,-0.022804322816459888,-0.028950902992451472,-0.0256514447111202,-0.01952495597101051,-0.02628900069803066,-0.020807181319748104,-0.012893519839633332,-0.016511168840759104,-0.018037520980711586,-0.010249465911578947,-0.020528053556386087,-0.01940809149418266,-0.02076948813839843,0.36803698115422606,-0.011835023448838055,-0.010734638208887601,-0.02600481275801605,-0.024775540667094892,-0.010249465911578954,-0.035065005835614914,-0.03023470366369116,-0.017230285489214292,0.05664865936082636,-0.015997289912739056,,,-0.05212814995798101,-0.062386857271490695,-0.04779551746612993,-0.05701633184306416,-0.02650250680597585,-0.04931246155020539,-0.06541672931484971,-0.04464300127365458,-0.0414799763183498,-0.05587110590392222,-0.07462030806309769,-0.061242953160890935,-0.033973348454105344,-0.05522373105345703,-0.048866021429147956,-0.052225189254119626,1.0,-0.038927761910685775,-0.05536274832725314,-0.05996899205195401,,-0.014429843646583089,0.008966410620995345,-0.03054024338749977,-0.033623199040600654,0.008966410620995345,-0.004913537479631023,-0.027837389359150873,-0.031680992961111015
residue_TRP,-0.03451196172598487,-0.013390731810841978,-0.04430659409371868,0.16231161548509368,0.3029953021525511,-0.024901670128607868,0.0469813147749942,0.20868409368401541,0.13596269245957854,0.1169372046598907,0.18618918825208147,-0.07924246463876182,-0.2857761586538835,-0.12398759132093203,-0.2921608548595427,0.40686802697317864,-0.2919784991059199,0.18112342190033645,0.2019378536513234,0.30687857588100664,-0.029929534373688404,-0.1032252428905485,-0.1902214571951046,0.22275918620466365,-0.03698199330496625,0.40755027973022906,0.46146633586701974,0.1503060495117275,0.0054171128525315896,0.11036466602412909,-0.16636962123457893,-0.027920771189372185,0.0007185146970379015,-0.12256294173639952,-0.028529108712617556,-0.028528379645999254,-0.028528015110142597,-0.02852692149238595,-0.024613211351831924,-0.001794938022836165,-0.030984514920517663,0.040511344520762896,0.04718853051070081,-0.021608227225507638,-0.02605065981857903,-0.016818057179553977,-0.02135112477776958,-0.01891779323429083,-0.01439954295471252,-0.019387987115043023,-0.01534517678938945,-0.00950889687248916,-0.012176892245392113,-0.013302568187293782,0.26329450778844055,-0.015139321666112,-0.014313356073856575,-0.015317378284503374,-0.014326855976699884,-0.008728261860083407,-0.007916734061868106,-0.019178400140532768,0.09480580594427149,0.26329450778844016,0.21572809589848488,0.05285550398875362,-0.012916799424162281,-0.05049807515926514,-0.011797909485660132,,,-0.03844421137666771,-0.04600994913504868,-0.035248919783383036,-0.042049217458584615,-0.01954544664412177,-0.036367657338078674,-0.04824446237546276,-0.03292395718698253,-0.030591244438314354,-0.041204619902104396,-0.055032048873436434,-0.045166326419531305,-0.025055149476733533,-0.04072718466584066,-0.036038410311379825,-0.03851577730055935,-0.038927761910685775,1.0,-0.04082970910730165,-0.044226787414269754,,0.006617094147905104,-0.03217823648775009,0.03527418396709321,0.04066215212823874,-0.03217823648775009,-0.02030599334501167,0.01086467752020976,0.012339792619730469
residue_TYR,-0.03205795618448923,-0.012515309264526667,-0.02020342499586367,0.1607990412593463,0.13051016835741522,-0.06964739619170532,-0.13193242316208034,0.27018209533845255,0.07045218406740868,-0.06618076468402367,0.0735806746282111,-0.046938479199869675,-0.2752855494432401,-0.1539750369742778,-0.033510350572422284,0.2820508100171378,-0.05674047297539947,0.12685298223607167,0.2814794449549458,0.3929121252898827,0.024810474485129696,-0.15202527871627475,-0.20017790822290402,0.11938751940662994,-0.08106697972912355,0.3804714519110009,0.3620356744595041,0.27614332758121507,0.12924815110370103,0.1346459829735169,-0.08340008426685093,0.16692464627163786,-0.1583626309424066,-0.1436625513070254,-0.03215972112289096,-0.03215863474748886,-0.032169712941526415,-0.03217970494105468,-0.025949961897191915,0.008471622045147242,-0.04406592666494794,0.07439228548111923,0.0850852326882954,-0.030731046095807298,-0.037049037820462864,-0.023918504976507982,0.13108977364553315,-0.026904732620899697,-0.020478913595349035,-0.02757343855742153,-0.021823786391248733,-0.013523476269437368,-0.017317877722754754,-0.01891880494822612,-0.010750238162551728,-0.021531020898898707,-0.020356339310063688,-0.02178425158230163,-0.020375538762764794,-0.012413263464846455,-0.011259115189991883,0.15192837156573835,0.16188951052474854,-0.010750238162551695,0.09689218296372082,0.05757446149817438,-0.056365856510008694,-0.013533718914789225,-0.01677889150526835,,,-0.05467504666642613,-0.06543497775078684,-0.05013072879074099,-0.05980205717602864,-0.02779737622689507,-0.05172178829801222,-0.0686128844192097,-0.046824185779345016,-0.0435066205640528,-0.05860087735828131,-0.07826613507099886,-0.06423518434396921,-0.03563323105922976,-0.057921872824483425,-0.051253535838022626,-0.054776827144901036,-0.05536274832725314,-0.04082970910730165,1.0,-0.06289897956520021,,0.01096166773441992,-0.037673275633444164,0.04683869035229264,0.05756418921286667,-0.037673275633444164,-0.019829234334990176,0.018349699578796546,0.02213229734048293
residue_VAL,-0.03597028387771866,-0.06279267470379364,-0.06825519009162279,0.37929845025614883,0.2069535695083031,-0.027767073924015798,-0.08139930871097299,0.5232253736915781,0.2748125633881351,0.2880717304952122,0.30984207273880754,-0.30252589221411086,-0.19487746321393756,0.4568641655429154,-0.10339809176201295,0.05411847584732357,-0.16737154252657932,0.26949235149272416,0.4782310452327221,0.32456787259195163,0.6222522424543427,-0.18174955800696296,-0.2454105447376306,0.337290092803732,-0.03970091559386158,-0.18811564888805718,-0.11811736122273186,0.4545281181939679,-0.32811046586436415,0.5682249214040025,-0.3622680476472937,-0.26817024875989903,0.38955919653552684,-0.25045891098075584,0.011705684213012948,0.011728796319255823,0.011740352474634019,0.01173169778237608,0.019492643022085504,-0.07374100208815212,-0.04773226195909635,-0.04608757364208838,-0.04302389417867282,0.2622243330225455,0.2067414605748921,-0.025908551836190674,-0.0328918326986283,-0.029143237022217088,-0.02218278253407043,-0.02986758005438225,-0.023639550278539704,-0.014648644899685504,-0.018758744876132785,-0.020492871070386137,-0.011644670223304003,-0.0233224263637353,-0.02205000992862745,-0.023596726128454544,-0.022070806797663545,-0.013446061125106348,-0.01219588639909071,-0.02954470714847215,-0.028148100902157226,-0.01164467022330405,-0.03973263808832011,0.04270095774716917,-0.019804932310380042,-0.03023272991147406,-0.018174914391391604,,,-0.05922407282957769,-0.07087924243682443,-0.0543016625301921,-0.06477765645377848,-0.030110149593045896,-0.05602510000084846,-0.07432155456002511,-0.050720011373759366,-0.047126420953500926,-0.06347653710692093,-0.08477796666208902,-0.0695796248518748,-0.03859795647327543,-0.06274103862245232,-0.05551788840279835,-0.05933432155979926,-0.05996899205195401,-0.044226787414269754,-0.06289897956520021,1.0,,-0.009652769486108404,-0.0058994704808615185,-0.006066780476319223,0.0009519380994318999,-0.0058994704808615185,-0.0010278027682293334,-0.010290216321084377,-0.014018676539709701
residue_OTHER,,,,,,,,,,,,,,,,,,,,,,,,,,,,,,,,,,,,,,,,,,,,,,,,,,,,,,,,,,,,,,,,,,,,,,,,,,,,,,,,,,,,,,,,,,,,,,,,,,,,
geom_mean_dist,0.009848758074283865,0.12767164460560876,0.08777640867721287,0.010668505485597871,-0.019613572184830234,0.015277574301931763,0.025580109022281076,-0.0025236694030345195,-0.033654074627110064,-0.03747379466388046,-0.018306195904886833,0.017881044642039802,0.024570090074758435,-0.04641703691519342,-0.007195613300959347,0.029304455049787435,0.0008374051337222377,-0.028016805576290868,-0.005094602849849129,0.0013729518778202124,-0.015085220474007767,0.04403705302588635,0.021127583631015183,0.012214092185280054,0.01129787780152518,0.05179530783416335,0.04186484129194599,-0.010023804081260888,-0.009019683100806886,-0.007450989430137235,-0.004578892304138362,-0.018581962419678345,-0.03136173803485955,-0.0005563394692096405,-0.06375248451063886,-0.07850136187734999,-0.12440862908854736,0.00242369843263837,0.0016104115762991767,0.007609484213570565,0.027104436677474333,0.03681030324154551,0.042799241529220204,0.01268990070521145,0.049234719841929085,0.03316085838723851,0.040710080323467034,0.01728263007769384,0.04323942031602003,0.03195094601643147,0.05958311051717357,0.013927571819107892,0.03886100583030981,0.005974456865625711,0.0019186766047980372,0.06002358706057718,0.06905723273061554,0.02531594503561842,0.005940606832152723,0.008982430173387497,0.015958235908443703,0.018026739605216398,0.017780650756441616,0.005619429495558147,0.0849273746837179,-0.04922518969514466,0.0026425355009782737,0.05494500472832979,0.017396786169609754,,,-0.020944655544012696,0.02244289957805397,-0.0070436850462700165,0.004049961063288516,-0.006774477864268293,0.003799939030758275,0.020159275501505515,-0.028365367198626548,0.016113156657475997,-0.006348177408431351,-0.011442746301378212,0.02051044390204069,0.00451132695573557,0.009305737481144997,-0.009174931634739045,-0.012892894652612296,-0.014429843646583089,0.006617094147905104,0.01096166773441992,-0.009652769486108404,,1.0,0.876497828198211,0.9005740284372794,0.449763358870166,0.876497828198211,0.9248712192972751,0.2793996446704633,0.3076990086074895
geom_min_dist,0.015975448966018987,0.14860558490901973,0.09857381687426003,-0.03169479489558072,-0.06930163774128738,0.021562770461688106,0.017678126839871217,-0.04534646258175237,-0.06437442439046114,-0.056152675086989984,-0.06097781848705438,0.05963646496823041,0.06926964257459073,-0.03312510220631442,0.04169840767402168,-0.044008777675854815,0.04694835820694419,-0.06587792743210283,-0.044470159384473865,-0.04306885113889653,-0.0357788095959247,0.05462240699740416,0.06650720406522936,-0.036217243853479845,0.02336687896481591,-0.011739185700162592,-0.026747227850430308,-0.04778843515771118,0.012064189230247022,-0.0390955366443494,0.03240132156419232,-0.0058102463986927895,-0.04902351884113561,0.04387601557577611,-0.022658633454678955,-0.03358555526021527,-0.1388146104278375,0.06486694103702687,-0.028269656569175794,-0.03226209570840614,0.024612741359092534,0.0006911669082545729,0.019041147846976653,-0.015664714770879246,0.06184344858432287,0.030215553751980477,0.015272632635055045,0.004594356598192227,0.051217410553447015,0.03316404611955673,0.07086864750368672,0.0064459719535236125,0.05388229385650826,0.0003582936214993522,-0.015005237459161573,0.0770793807366009,0.08029862905374618,0.03943204649645486,0.0146499786579659,-0.010756000280433635,0.019898968258369686,-0.02418035558581734,-0.035701963941645716,-0.014687663184602507,0.07565715680558259,-0.13006593606959382,0.04546131847897033,0.11526166079116243,0.0054134257447411,,,-0.0013810891514851225,0.025693696925951658,0.013883124972110732,0.005021780633604705,0.0036040977209452585,0.024447480539960827,0.02672327587578376,-0.015395468757699258,0.013928263911535142,-0.0066951583001822485,-0.01732229173039354,0.029379319947009607,-0.005027038726949998,-0.03746339720969577,-0.010594564151493806,0.008865581450286176,0.008966410620995345,-0.03217823648775009,-0.037673275633444164,-0.0058994704808615185,,0.876497828198211,1.0,0.6196906105954736,-0.012398217770813666,1.0,0.6987229337531474,0.23778499295563815,0.2635803982629115
geom_max_dist,0.0021657548208551067,0.09094286400604294,0.0635821977030596,0.0482356965732275,0.031217217478628507,0.0062892425009025395,0.029290725956335136,0.03837354887000542,0.00544278512884068,-0.007630284832800041,0.02636263180559331,-0.024698408423655532,-0.021839309970603318,-0.03792750388064022,-0.04675262346052929,0.08309073779171754,-0.03763902562325743,0.01607967541637129,0.03603392648448141,0.042698132172315675,0.015387281175931621,0.019549956603230226,-0.02731739990115652,0.05512477204510434,-0.0015148100042546447,0.0869522698702619,0.08529724596467021,0.029815596803168185,-0.030952190630488166,0.027660543191676677,-0.040775400378302455,-0.029127499192325032,-0.0019028466104156355,-0.041934198331651226,-0.08634866598835657,-0.09994621858722857,-0.08333547470758176,-0.047145995517151436,0.026193884554606563,0.03565831855042023,0.020422498939703573,0.06087191863671517,0.0577764747412018,0.030295562362697114,0.03568959051806005,0.03050683069609008,0.04917650308747631,0.01988859059186463,0.03193549464207797,0.0239590943669457,0.04422819582365554,0.013434325362254702,0.019612855695296624,0.00680124149989881,0.012419718273551936,0.03723617022342906,0.051193084650725786,0.009382328780498226,-0.002960141183072748,0.018112651972753656,0.009101405279499809,0.04177903493893639,0.045008378608762244,0.018394122863955035,0.07976739814330361,0.024173405655129536,-0.032561649744098545,-0.0018151836835484268,0.019552874509784435,,,-0.03052065026981864,0.012953780939469244,-0.022685546366138606,-0.00043785526289449287,-0.014104162114884832,-0.014408535554138523,0.008591013204036818,-0.03382029969102152,0.009895849876872352,0.0039206569637213525,0.0018957725825346145,0.007418493102056807,0.012232174998183644,0.03940750446028185,-0.007194289325190559,-0.02802267588185375,-0.03054024338749977,0.03527418396709321,0.04683869035229264,-0.006066780476319223,,0.9005740284372794,0.6196906105954736,1.0,0.7603627062696943,0.6196906105954737,0.9014260241337537,0.25528944998775666,0.28025951891233675
geom_std_dist,-0.0025073878442990662,-0.004695786274698832,0.0038426319459832856,0.05783013917536501,0.060440241858258116,-0.0036880230927859507,0.015768952107823267,0.055095099613431946,0.036040490853627774,0.020749659856792488,0.052090448513355994,-0.0492460473799708,-0.0499950863965084,-0.013284805479153247,-0.05989865149700576,0.09056239834700712,-0.05042148841368435,0.04544476800153459,0.0523484895463748,0.05495843697809748,0.03457411655418724,-0.009044741762683231,-0.05681857101730753,0.06662006800559032,-0.012568416630388404,0.07652405694612514,0.08250469091513661,0.04840239843389713,-0.03258521687926175,0.043150435712410694,-0.05055200904814776,-0.020541969522186943,0.023891129391325268,-0.05938145946605145,-0.07119647966860027,-0.08095542814146388,0.030283594701502176,-0.09469018456660977,0.04284614975247201,0.05804526344797575,0.007729460608578668,0.04832550664736302,0.0333326792944321,0.0405380201508137,-0.005617491435994585,0.013146715516617115,0.0374489974131267,0.022694367239282136,-0.0021536629195586265,0.005379598394559894,-0.0030721145229960054,0.007515173772241872,-0.015018002880542966,0.007851211383091639,0.015048054333161184,-0.014036707607940537,-0.00044287057476109716,-0.015337485598502221,-0.010550957114646538,0.02611963236925998,-0.0018809834780027567,0.04954843645653683,0.05919438981031521,0.021460146221034974,0.029585534976488477,0.10969261850148922,-0.06202960131645969,-0.07838149787513071,0.01810042433402549,,,-0.028510909984837206,0.0007036198605216098,-0.028507193972510083,-0.000673563238979277,-0.014687753920004407,-0.025835032914899008,-0.006442799286741822,-0.019389280973811193,-0.0012078679349518983,0.009074687444612477,0.014296110943282321,-0.00741014382740838,0.016056659848721955,0.04665325626474976,0.00411064444513056,-0.030422429237162013,-0.033623199040600654,0.04066215212823874,0.05756418921286667,0.0009519380994318999,,0.449763358870166,-0.012398217770813666,0.7603627062696943,1.0,-0.012398217770813671,0.6412528800075074,0.1341869168216107,0.14504042114501772
geom_nearest_dist,0.015975448966018987,0.14860558490901973,0.09857381687426003,-0.03169479489558072,-0.06930163774128738,0.021562770461688106,0.017678126839871217,-0.04534646258175237,-0.06437442439046114,-0.056152675086989984,-0.06097781848705438,0.05963646496823041,0.06926964257459073,-0.03312510220631442,0.04169840767402168,-0.044008777675854815,0.04694835820694419,-0.06587792743210283,-0.044470159384473865,-0.04306885113889653,-0.0357788095959247,0.05462240699740416,0.06650720406522936,-0.036217243853479845,0.02336687896481591,-0.011739185700162592,-0.026747227850430308,-0.04778843515771118,0.012064189230247022,-0.0390955366443494,0.03240132156419232,-0.0058102463986927895,-0.04902351884113561,0.04387601557577611,-0.022658633454678955,-0.03358555526021527,-0.1388146104278375,0.06486694103702687,-0.028269656569175794,-0.03226209570840614,0.024612741359092534,0.0006911669082545729,0.019041147846976653,-0.015664714770879246,0.06184344858432287,0.030215553751980477,0.015272632635055045,0.004594356598192227,0.051217410553447015,0.03316404611955673,0.07086864750368672,0.0064459719535236125,0.05388229385650826,0.0003582936214993522,-0.015005237459161573,0.0770793807366009,0.08029862905374618,0.03943204649645486,0.0146499786579659,-0.010756000280433635,0.019898968258369686,-0.02418035558581734,-0.035701963941645716,-0.014687663184602507,0.07565715680558259,-0.13006593606959382,0.04546131847897033,0.11526166079116243,0.0054134257447411,,,-0.0013810891514851225,0.025693696925951658,0.013883124972110732,0.005021780633604705,0.0036040977209452585,0.024447480539960827,0.02672327587578376,-0.015395468757699258,0.013928263911535142,-0.0066951583001822485,-0.01732229173039354,0.029379319947009607,-0.005027038726949998,-0.03746339720969577,-0.010594564151493806,0.008865581450286176,0.008966410620995345,-0.03217823648775009,-0.037673275633444164,-0.0058994704808615185,,0.876497828198211,1.0,0.6196906105954737,-0.012398217770813671,1.0,0.6987229337531474,0.23778499295563815,0.2635803982629115
geom_3rd_nearest_dist,0.016143344539679066,0.09681881381459598,0.07238187785124084,-0.014034842666881207,-0.045514838800175254,0.017996188927968178,0.013681590609493258,-0.026679249397728765,-0.047307395670550506,-0.043749244426880454,-0.04089522516905546,0.040463524383473747,0.05055913658490021,-0.03230140532245304,0.019395136901263196,-0.018190262825658342,0.03153576806957622,-0.04816560758685449,-0.030435177351900308,-0.03060332517323068,-0.02273562261181049,0.04744544874847799,0.04388779108114052,-0.015755839361791563,0.015233921382806917,0.006069399205451612,-0.005804436984660375,-0.03398495560039391,0.007016348599961608,-0.026977174956379107,0.019591143641847126,-0.003121981091768227,-0.03680235064081051,0.022198973099435443,-0.0463807530484951,-0.061383058391387454,-0.05017942107683689,-0.0031303608167984644,-0.013673079445234779,0.0045662914733923575,0.025933202531559226,0.0035794131461536175,0.005718845596185154,0.016279558340559695,0.03515625824564404,0.027471554405884988,0.031107810548700772,0.02226442960460092,0.03074174556606861,0.028056760421990488,0.04222504063534182,0.009137421402302406,0.03079580854280329,0.006614885336689093,-0.0033843197982330844,0.04419784862185345,0.0510781995797882,0.02143885988656494,0.00750828039852591,0.01143527744876366,0.015637072722178565,-0.001227390081516948,0.009280488590326803,-0.009944437072761292,0.06352574663055,-0.03870103464734227,0.003131557099100963,0.041239566700853554,0.01899932690741374,,,-0.012801480320419797,0.023994248060976504,0.000788506324423514,0.00928839263152111,-0.0013351536774832906,0.01101754992729956,0.020573055561558962,-0.013206442074318935,0.011852193423281998,-0.0074464379589266735,-0.011081504280551682,0.02286233252659786,0.00626397677431548,-0.022947343684784738,0.00319592689311447,-0.002978157029976464,-0.004913537479631023,-0.02030599334501167,-0.019829234334990176,-0.0010278027682293334,,0.9248712192972751,0.6987229337531474,0.9014260241337537,0.6412528800075074,0.6987229337531474,1.0,0.2596708044231797,0.2848821487251332
geom_dist_to_center,0.19413351631301762,0.002344919514899141,0.012753824523953197,-0.001380523050533413,-0.017179352414677794,-0.0038440918810495207,0.017332292832176372,-0.012245033664510987,-0.02252332077017134,-0.036339343446715286,-0.028826234877192224,0.025390900499527327,0.02951491601447048,-0.03297719363796643,0.012326505571757277,0.009768278798923318,0.01721105518345449,-0.03118397950753021,-0.022080569635010892,-0.022212580327643516,-0.01702310810812202,0.039727309503581124,0.02173877652433877,0.011496181298907426,-0.009979333861497243,0.033474724341903815,0.021412970194526634,-0.02851872206024447,0.007524746505978383,-0.026953124047933385,0.013309494939003432,0.0031091880699331232,-0.029575336522874925,-0.009879178689431967,-0.07462396466395199,-0.07304763072238644,0.10955689953576667,-0.07437223048513156,0.02788944119887579,0.03309406620010084,0.011293190080931844,0.02065346251445989,0.01103257669711741,0.019992752971174272,-0.0036787288652391096,0.009830599889676063,0.010525327869025316,0.02512511192274026,0.009839629061089518,0.004683060444033634,0.013058201690610912,0.0020732183092826545,-0.007406334098034205,0.0045519418345231705,0.008301454723365654,-0.005798209844939906,0.01371677285125599,-0.011622100737200616,-0.01664980924076586,0.007096128906109058,-0.010941777752679552,0.014506928007064433,0.017518286484262215,0.0066111256290342126,0.006493156329181914,0.09531440164412339,-0.06218439228384405,-0.05696287405000253,-0.0021004625149802373,,,-0.013355908403309824,0.004498855976740647,-0.013530702677497005,0.02407848020521728,-0.023227199897115254,-0.012523356337723725,0.027737263516579198,-0.01630687814162356,-0.008991544783671417,-0.011243596039290036,0.0025650612734480814,0.02421842242139741,-0.0049486728094490185,-0.0032612734892956668,0.023059173885334218,-0.016037102510049115,-0.027837389359150873,0.01086467752020976,0.018349699578796546,-0.010290216321084377,,0.2793996446704633,0.23778499295563815,0.25528944998775666,0.1341869168216107,0.23778499295563815,0.2596708044231797,1.0,0.8892825118109112
geom_radial_position,0.05765184536952541,0.0053985982411974475,0.01588070444125965,-0.0053141823723647135,-0.022445979120181224,-0.002118281428693415,0.01305484255186542,-0.016694584694673668,-0.02738783536054067,-0.04230412684043828,-0.03473769386670832,0.031362554888116956,0.03449121589681784,-0.0385020684918879,0.01579576787093512,0.007219932448823909,0.02227716109420674,-0.037514897545649434,-0.02827891013345835,-0.028324740961433347,-0.021928282341491367,0.04524449657602475,0.027328502374396043,0.006652967574877863,-0.007745349362518791,0.03552952483969759,0.022239317670300466,-0.03445961966136059,0.015274938830995333,-0.033828834070907164,0.020864468689882308,0.009380635965585723,-0.03552437115780006,-0.007465996967809939,-0.0818637310342724,-0.07982777994978386,0.11644253079517819,-0.08109613747809434,0.02972241937270361,0.03700929806356576,0.013756359223688962,0.021693836614712206,0.011320995801112515,0.020964180998713795,-0.004542411951774966,0.011940353406904981,0.012491412884898665,0.02935667442637554,0.011990558930385557,0.005343967667577652,0.014585624202469621,0.002947255562478409,-0.006287645169500071,0.0060318968926530835,0.009445840232918896,-0.005984479340613295,0.01655816443781553,-0.012685304441876892,-0.01781097356285726,0.006860798441267305,-0.01155110550988457,0.016456005644158826,0.01951692128924592,0.007231860030229198,0.008577935490588627,0.10218685939675928,-0.06673684932981706,-0.060927102270225526,-0.0026849081368669446,,,-0.013935281109345471,0.005795190528618954,-0.011059721555580581,0.028267137720920953,-0.02422219453049899,-0.016958323072783277,0.02846436743468544,-0.01214683865584568,-0.008607312289583918,-0.012020898357727133,-0.0021442206674201648,0.028118259064044922,-0.007528147657508146,-0.004246410331047209,0.026380352150625914,-0.018493125956021643,-0.031680992961111015,0.012339792619730469,0.02213229734048293,-0.014018676539709701,,0.3076990086074895,0.2635803982629115,0.28025951891233675,0.14504042114501772,0.2635803982629115,0.2848821487251332,0.8892825118109112,1.0
